data_source,crime_id,atm_id,hour_of_day,day_of_week,amount,distance_from_crime,atm_historical_risk,txns_last_1h,txns_last_6h,nearby_crime_density,withdrawal_frequency,is_withdrawal_location
SYNTHETIC,SYN_CRM_0001,SYN_ATM_0001,17,0,109400.0,0.44,0.46,11,38,8.7,54.1,1
SYNTHETIC,SYN_CRM_0001,SYN_ATM_0002,17,0,109400.0,9.92,0.27,1,5,2.8,11.1,0
SYNTHETIC,SYN_CRM_0001,SYN_ATM_0003,17,0,109400.0,7.21,0.38,2,16,2.7,21.7,0
SYNTHETIC,SYN_CRM_0001,SYN_ATM_0004,17,0,109400.0,16.16,0.4,0,2,2.6,9.4,0
SYNTHETIC,SYN_CRM_0002,SYN_ATM_0005,15,3,7300.0,1.33,0.17,2,7,2.6,8.3,0
SYNTHETIC,SYN_CRM_0002,SYN_ATM_0006,15,3,7300.0,10.62,0.15,1,7,1.0,10.0,0
SYNTHETIC,SYN_CRM_0002,SYN_ATM_0007,15,3,7300.0,2.03,0.64,8,29,5.8,42.1,1
SYNTHETIC,SYN_CRM_0002,SYN_ATM_0008,15,3,7300.0,3.61,0.27,2,5,1.9,16.2,0
SYNTHETIC,SYN_CRM_0003,SYN_ATM_0009,9,0,128100.0,3.0,0.22,1,9,1.3,14.6,0
SYNTHETIC,SYN_CRM_0003,SYN_ATM_0010,9,0,128100.0,2.42,0.09,0,9,3.1,10.5,0
SYNTHETIC,SYN_CRM_0003,SYN_ATM_0011,9,0,128100.0,0.1,0.73,8,36,7.6,54.3,1
SYNTHETIC,SYN_CRM_0003,SYN_ATM_0012,9,0,128100.0,11.19,0.45,5,27,3.2,44.1,0
SYNTHETIC,SYN_CRM_0004,SYN_ATM_0013,18,0,144400.0,6.27,0.27,1,6,3.4,8.2,0
SYNTHETIC,SYN_CRM_0004,SYN_ATM_0014,18,0,144400.0,6.26,0.44,2,8,2.4,11.4,0
SYNTHETIC,SYN_CRM_0004,SYN_ATM_0015,18,0,144400.0,1.17,0.55,5,33,7.3,37.5,1
SYNTHETIC,SYN_CRM_0004,SYN_ATM_0016,18,0,144400.0,4.5,0.53,3,14,1.5,26.5,0
SYNTHETIC,SYN_CRM_0005,SYN_ATM_0017,22,0,177900.0,10.58,0.73,5,14,5.1,31.5,0
SYNTHETIC,SYN_CRM_0005,SYN_ATM_0018,22,0,177900.0,4.15,0.38,2,8,1.3,17.9,0
SYNTHETIC,SYN_CRM_0005,SYN_ATM_0019,22,0,177900.0,10.21,0.49,6,28,4.2,39.8,0
SYNTHETIC,SYN_CRM_0005,SYN_ATM_0020,22,0,177900.0,10.04,0.21,2,7,1.3,10.6,0
SYNTHETIC,SYN_CRM_0006,SYN_ATM_0021,15,2,105700.0,6.28,0.24,2,5,2.7,13.7,0
SYNTHETIC,SYN_CRM_0006,SYN_ATM_0022,15,2,105700.0,12.11,0.13,3,10,0.5,18.1,0
SYNTHETIC,SYN_CRM_0006,SYN_ATM_0023,15,2,105700.0,10.92,0.35,2,2,2.0,3.2,0
SYNTHETIC,SYN_CRM_0006,SYN_ATM_0024,15,2,105700.0,1.43,0.82,14,42,2.9,59.0,1
SYNTHETIC,SYN_CRM_0007,SYN_ATM_0025,0,0,454600.0,11.56,0.35,6,13,4.3,27.8,0
SYNTHETIC,SYN_CRM_0007,SYN_ATM_0026,0,0,454600.0,14.15,0.16,2,3,0.2,8.1,0
SYNTHETIC,SYN_CRM_0007,SYN_ATM_0027,0,0,454600.0,9.72,0.26,1,6,1.6,11.0,0
SYNTHETIC,SYN_CRM_0007,SYN_ATM_0028,0,0,454600.0,1.31,0.87,13,38,5.5,62.4,1
SYNTHETIC,SYN_CRM_0008,SYN_ATM_0029,5,0,108200.0,1.72,0.21,0,3,1.7,8.5,0
SYNTHETIC,SYN_CRM_0008,SYN_ATM_0030,5,0,108200.0,1.6,0.68,13,42,8.3,57.0,1
SYNTHETIC,SYN_CRM_0008,SYN_ATM_0031,5,0,108200.0,4.69,0.36,2,15,2.0,22.8,0
SYNTHETIC,SYN_CRM_0008,SYN_ATM_0032,5,0,108200.0,11.84,0.2,1,8,1.9,12.7,0
SYNTHETIC,SYN_CRM_0009,SYN_ATM_0033,15,2,198500.0,0.66,0.57,9,35,7.7,60.4,1
SYNTHETIC,SYN_CRM_0009,SYN_ATM_0034,15,2,198500.0,0.97,0.24,1,6,3.2,11.7,0
SYNTHETIC,SYN_CRM_0009,SYN_ATM_0035,15,2,198500.0,3.36,0.37,3,8,3.4,10.1,0
SYNTHETIC,SYN_CRM_0009,SYN_ATM_0036,15,2,198500.0,4.49,0.85,7,28,7.5,41.6,0
SYNTHETIC,SYN_CRM_0010,SYN_ATM_0037,16,0,17900.0,9.67,0.42,7,19,4.7,33.9,0
SYNTHETIC,SYN_CRM_0010,SYN_ATM_0038,16,0,17900.0,7.5,0.44,3,14,2.6,25.3,0
SYNTHETIC,SYN_CRM_0010,SYN_ATM_0039,16,0,17900.0,2.76,0.46,5,21,4.7,32.6,0
SYNTHETIC,SYN_CRM_0010,SYN_ATM_0040,16,0,17900.0,1.5,0.56,1,18,3.4,29.5,0
SYNTHETIC,SYN_CRM_0011,SYN_ATM_0041,20,6,29600.0,5.17,0.3,1,8,3.6,12.3,0
SYNTHETIC,SYN_CRM_0011,SYN_ATM_0042,20,6,29600.0,14.86,0.25,3,3,2.4,6.2,0
SYNTHETIC,SYN_CRM_0011,SYN_ATM_0043,20,6,29600.0,0.15,0.35,0,8,0.4,9.8,0
SYNTHETIC,SYN_CRM_0011,SYN_ATM_0044,20,6,29600.0,2.33,0.83,12,39,6.4,60.5,1
SYNTHETIC,SYN_CRM_0012,SYN_ATM_0045,11,4,234700.0,12.79,0.25,1,3,0.2,10.5,0
SYNTHETIC,SYN_CRM_0012,SYN_ATM_0046,11,4,234700.0,3.0,0.04,3,6,2.5,12.8,0
SYNTHETIC,SYN_CRM_0012,SYN_ATM_0047,11,4,234700.0,12.58,0.14,0,4,1.2,6.3,0
SYNTHETIC,SYN_CRM_0012,SYN_ATM_0048,11,4,234700.0,0.44,0.09,1,7,3.8,10.5,0
SYNTHETIC,SYN_CRM_0013,SYN_ATM_0049,20,2,45800.0,6.38,0.61,6,23,1.5,27.3,0
SYNTHETIC,SYN_CRM_0013,SYN_ATM_0050,20,2,45800.0,6.54,0.5,7,15,3.1,28.1,0
SYNTHETIC,SYN_CRM_0013,SYN_ATM_0051,20,2,45800.0,1.17,0.81,10,19,8.4,24.7,1
SYNTHETIC,SYN_CRM_0013,SYN_ATM_0052,20,2,45800.0,8.76,0.52,5,15,3.4,21.7,0
SYNTHETIC,SYN_CRM_0014,SYN_ATM_0053,17,0,458100.0,5.03,0.58,1,3,2.7,6.0,0
SYNTHETIC,SYN_CRM_0014,SYN_ATM_0054,17,0,458100.0,6.98,0.09,0,4,1.8,11.7,0
SYNTHETIC,SYN_CRM_0014,SYN_ATM_0055,17,0,458100.0,10.1,0.31,8,21,1.5,36.9,0
SYNTHETIC,SYN_CRM_0014,SYN_ATM_0056,17,0,458100.0,8.49,0.58,5,30,1.5,40.3,0
SYNTHETIC,SYN_CRM_0015,SYN_ATM_0057,10,3,7100.0,5.25,0.4,3,13,2.6,18.6,0
SYNTHETIC,SYN_CRM_0015,SYN_ATM_0058,10,3,7100.0,10.52,0.82,2,23,5.4,40.2,0
SYNTHETIC,SYN_CRM_0015,SYN_ATM_0059,10,3,7100.0,2.53,0.76,8,36,4.7,49.4,1
SYNTHETIC,SYN_CRM_0015,SYN_ATM_0060,10,3,7100.0,4.06,0.45,3,6,1.8,18.7,0
SYNTHETIC,SYN_CRM_0016,SYN_ATM_0061,14,2,21700.0,2.37,0.04,1,7,3.8,12.5,0
SYNTHETIC,SYN_CRM_0016,SYN_ATM_0062,14,2,21700.0,7.14,0.04,2,9,2.4,12.6,0
SYNTHETIC,SYN_CRM_0016,SYN_ATM_0063,14,2,21700.0,5.31,0.83,12,20,3.5,30.1,0
SYNTHETIC,SYN_CRM_0016,SYN_ATM_0064,14,2,21700.0,1.73,0.72,12,33,6.1,38.6,1
SYNTHETIC,SYN_CRM_0017,SYN_ATM_0065,22,0,194000.0,0.73,0.65,10,39,5.8,49.1,1
SYNTHETIC,SYN_CRM_0017,SYN_ATM_0066,22,0,194000.0,7.1,0.3,5,12,1.7,17.5,0
SYNTHETIC,SYN_CRM_0017,SYN_ATM_0067,22,0,194000.0,4.0,0.43,3,11,1.5,17.0,0
SYNTHETIC,SYN_CRM_0017,SYN_ATM_0068,22,0,194000.0,2.75,0.23,1,3,1.8,8.6,0
SYNTHETIC,SYN_CRM_0018,SYN_ATM_0069,19,6,434800.0,2.45,0.25,1,2,3.6,5.2,0
SYNTHETIC,SYN_CRM_0018,SYN_ATM_0070,19,6,434800.0,4.6,0.3,4,17,3.3,26.6,0
SYNTHETIC,SYN_CRM_0018,SYN_ATM_0071,19,6,434800.0,2.61,0.12,1,3,0.5,5.3,0
SYNTHETIC,SYN_CRM_0018,SYN_ATM_0072,19,6,434800.0,0.76,0.82,4,30,6.1,47.7,1
SYNTHETIC,SYN_CRM_0019,SYN_ATM_0073,17,2,17300.0,7.89,0.69,3,13,1.5,18.9,0
SYNTHETIC,SYN_CRM_0019,SYN_ATM_0074,17,2,17300.0,0.81,0.73,7,27,8.9,42.4,1
SYNTHETIC,SYN_CRM_0019,SYN_ATM_0075,17,2,17300.0,1.26,0.21,2,6,2.2,9.3,0
SYNTHETIC,SYN_CRM_0019,SYN_ATM_0076,17,2,17300.0,2.58,0.04,0,3,5.6,6.9,0
SYNTHETIC,SYN_CRM_0020,SYN_ATM_0077,11,1,5500.0,9.32,0.13,0,0,0.3,8.4,0
SYNTHETIC,SYN_CRM_0020,SYN_ATM_0078,11,1,5500.0,0.1,0.68,8,40,8.7,47.0,1
SYNTHETIC,SYN_CRM_0020,SYN_ATM_0079,11,1,5500.0,12.01,0.25,1,6,2.8,6.6,0
SYNTHETIC,SYN_CRM_0020,SYN_ATM_0080,11,1,5500.0,8.01,0.12,2,7,1.7,15.7,0
SYNTHETIC,SYN_CRM_0021,SYN_ATM_0081,7,0,24400.0,1.84,0.93,9,31,7.6,45.0,1
SYNTHETIC,SYN_CRM_0021,SYN_ATM_0082,7,0,24400.0,2.42,0.09,0,7,1.2,9.7,0
SYNTHETIC,SYN_CRM_0021,SYN_ATM_0083,7,0,24400.0,0.46,0.25,2,9,5.1,14.2,0
SYNTHETIC,SYN_CRM_0021,SYN_ATM_0084,7,0,24400.0,12.67,0.29,1,5,1.9,9.4,0
SYNTHETIC,SYN_CRM_0022,SYN_ATM_0085,18,3,33900.0,9.76,0.31,0,6,1.9,7.6,0
SYNTHETIC,SYN_CRM_0022,SYN_ATM_0086,18,3,33900.0,7.5,0.27,2,8,2.2,16.0,0
SYNTHETIC,SYN_CRM_0022,SYN_ATM_0087,18,3,33900.0,2.21,0.04,1,4,1.4,6.5,0
SYNTHETIC,SYN_CRM_0022,SYN_ATM_0088,18,3,33900.0,1.77,0.57,4,18,6.2,39.6,1
SYNTHETIC,SYN_CRM_0023,SYN_ATM_0089,16,0,19300.0,2.15,0.72,10,32,6.7,51.6,1
SYNTHETIC,SYN_CRM_0023,SYN_ATM_0090,16,0,19300.0,2.81,0.44,2,8,4.5,10.6,0
SYNTHETIC,SYN_CRM_0023,SYN_ATM_0091,16,0,19300.0,6.14,0.76,4,19,5.1,36.2,0
SYNTHETIC,SYN_CRM_0023,SYN_ATM_0092,16,0,19300.0,3.34,0.24,2,14,2.7,27.6,0
SYNTHETIC,SYN_CRM_0024,SYN_ATM_0093,13,4,80100.0,8.91,0.7,2,18,4.3,29.2,0
SYNTHETIC,SYN_CRM_0024,SYN_ATM_0094,13,4,80100.0,3.49,0.2,6,22,3.8,31.1,0
SYNTHETIC,SYN_CRM_0024,SYN_ATM_0095,13,4,80100.0,11.7,0.34,1,13,1.2,17.9,0
SYNTHETIC,SYN_CRM_0024,SYN_ATM_0096,13,4,80100.0,1.02,0.92,4,26,9.5,42.2,1
SYNTHETIC,SYN_CRM_0025,SYN_ATM_0097,10,6,48300.0,10.63,0.5,2,17,6.5,26.2,0
SYNTHETIC,SYN_CRM_0025,SYN_ATM_0098,10,6,48300.0,2.32,0.87,11,28,5.8,39.2,1
SYNTHETIC,SYN_CRM_0025,SYN_ATM_0099,10,6,48300.0,2.33,0.2,2,4,3.3,8.6,0
SYNTHETIC,SYN_CRM_0025,SYN_ATM_0100,10,6,48300.0,10.62,0.54,4,14,5.1,20.5,0
SYNTHETIC,SYN_CRM_0026,SYN_ATM_0101,19,0,48400.0,12.42,0.56,4,23,3.7,40.5,0
SYNTHETIC,SYN_CRM_0026,SYN_ATM_0102,19,0,48400.0,7.72,0.8,10,32,6.0,35.2,0
SYNTHETIC,SYN_CRM_0026,SYN_ATM_0103,19,0,48400.0,15.34,0.04,2,7,3.0,11.3,0
SYNTHETIC,SYN_CRM_0026,SYN_ATM_0104,19,0,48400.0,13.95,0.14,0,3,2.8,9.5,0
SYNTHETIC,SYN_CRM_0027,SYN_ATM_0105,21,3,210800.0,4.47,0.24,4,16,4.5,26.2,0
SYNTHETIC,SYN_CRM_0027,SYN_ATM_0106,21,3,210800.0,3.33,0.58,2,15,3.7,18.3,0
SYNTHETIC,SYN_CRM_0027,SYN_ATM_0107,21,3,210800.0,0.21,0.68,7,41,7.1,59.9,1
SYNTHETIC,SYN_CRM_0027,SYN_ATM_0108,21,3,210800.0,12.58,0.27,0,6,1.3,8.9,0
SYNTHETIC,SYN_CRM_0028,SYN_ATM_0109,0,6,37300.0,0.5,0.77,7,24,4.2,48.3,1
SYNTHETIC,SYN_CRM_0028,SYN_ATM_0110,0,6,37300.0,10.61,0.13,1,10,2.3,16.0,0
SYNTHETIC,SYN_CRM_0028,SYN_ATM_0111,0,6,37300.0,3.34,0.68,2,7,2.6,17.8,0
SYNTHETIC,SYN_CRM_0028,SYN_ATM_0112,0,6,37300.0,7.54,0.12,2,6,0.9,14.1,0
SYNTHETIC,SYN_CRM_0029,SYN_ATM_0113,16,2,31400.0,2.35,0.13,2,2,2.1,3.2,0
SYNTHETIC,SYN_CRM_0029,SYN_ATM_0114,16,2,31400.0,0.56,0.66,10,35,10.1,51.9,1
SYNTHETIC,SYN_CRM_0029,SYN_ATM_0115,16,2,31400.0,1.5,0.32,2,13,3.5,24.6,0
SYNTHETIC,SYN_CRM_0029,SYN_ATM_0116,16,2,31400.0,0.58,0.18,1,4,3.0,11.7,0
SYNTHETIC,SYN_CRM_0030,SYN_ATM_0117,20,5,127700.0,7.52,0.27,2,7,2.2,11.1,0
SYNTHETIC,SYN_CRM_0030,SYN_ATM_0118,20,5,127700.0,0.78,0.11,0,4,3.7,11.6,0
SYNTHETIC,SYN_CRM_0030,SYN_ATM_0119,20,5,127700.0,0.65,0.89,6,17,5.0,36.6,1
SYNTHETIC,SYN_CRM_0030,SYN_ATM_0120,20,5,127700.0,10.61,0.25,2,7,1.7,9.7,0
SYNTHETIC,SYN_CRM_0031,SYN_ATM_0121,15,3,60200.0,1.16,0.04,0,0,1.3,2.6,0
SYNTHETIC,SYN_CRM_0031,SYN_ATM_0122,15,3,60200.0,0.15,0.22,1,7,3.7,14.9,0
SYNTHETIC,SYN_CRM_0031,SYN_ATM_0123,15,3,60200.0,10.93,0.46,6,34,5.4,49.4,0
SYNTHETIC,SYN_CRM_0031,SYN_ATM_0124,15,3,60200.0,0.76,0.8,4,12,7.6,17.2,1
SYNTHETIC,SYN_CRM_0032,SYN_ATM_0125,12,1,104600.0,1.62,0.14,0,2,2.8,9.9,0
SYNTHETIC,SYN_CRM_0032,SYN_ATM_0126,12,1,104600.0,0.78,0.89,10,29,6.6,53.8,1
SYNTHETIC,SYN_CRM_0032,SYN_ATM_0127,12,1,104600.0,5.95,0.37,1,6,1.5,10.5,0
SYNTHETIC,SYN_CRM_0032,SYN_ATM_0128,12,1,104600.0,11.16,0.33,0,8,2.0,12.8,0
SYNTHETIC,SYN_CRM_0033,SYN_ATM_0129,9,4,16100.0,8.86,0.57,6,20,2.6,36.6,0
SYNTHETIC,SYN_CRM_0033,SYN_ATM_0130,9,4,16100.0,6.08,0.35,2,8,2.2,14.5,0
SYNTHETIC,SYN_CRM_0033,SYN_ATM_0131,9,4,16100.0,0.51,0.68,9,22,9.4,28.4,1
SYNTHETIC,SYN_CRM_0033,SYN_ATM_0132,9,4,16100.0,1.71,0.28,1,1,1.2,3.1,0
SYNTHETIC,SYN_CRM_0034,SYN_ATM_0133,14,1,69600.0,0.87,0.83,18,37,6.6,43.2,1
SYNTHETIC,SYN_CRM_0034,SYN_ATM_0134,14,1,69600.0,6.15,0.05,1,7,2.2,8.1,0
SYNTHETIC,SYN_CRM_0034,SYN_ATM_0135,14,1,69600.0,2.43,0.3,4,17,1.0,29.9,0
SYNTHETIC,SYN_CRM_0034,SYN_ATM_0136,14,1,69600.0,8.29,0.2,2,9,2.4,11.0,0
SYNTHETIC,SYN_CRM_0035,SYN_ATM_0137,14,6,17200.0,1.94,0.04,1,2,4.5,2.7,0
SYNTHETIC,SYN_CRM_0035,SYN_ATM_0138,14,6,17200.0,3.09,0.42,4,18,2.3,23.4,0
SYNTHETIC,SYN_CRM_0035,SYN_ATM_0139,14,6,17200.0,1.06,0.73,6,25,8.7,44.2,1
SYNTHETIC,SYN_CRM_0035,SYN_ATM_0140,14,6,17200.0,10.53,0.22,0,6,1.0,10.0,0
SYNTHETIC,SYN_CRM_0036,SYN_ATM_0141,18,6,378900.0,9.53,0.18,2,3,2.4,7.4,0
SYNTHETIC,SYN_CRM_0036,SYN_ATM_0142,18,6,378900.0,11.51,0.12,3,11,1.5,17.1,0
SYNTHETIC,SYN_CRM_0036,SYN_ATM_0143,18,6,378900.0,7.37,0.67,5,24,4.7,38.5,0
SYNTHETIC,SYN_CRM_0036,SYN_ATM_0144,18,6,378900.0,7.97,0.36,1,11,3.7,14.1,0
SYNTHETIC,SYN_CRM_0037,SYN_ATM_0145,15,1,70000.0,0.18,0.86,11,38,4.7,52.3,1
SYNTHETIC,SYN_CRM_0037,SYN_ATM_0146,15,1,70000.0,9.02,0.51,1,24,3.2,29.6,0
SYNTHETIC,SYN_CRM_0037,SYN_ATM_0147,15,1,70000.0,2.28,0.42,4,16,2.3,22.5,0
SYNTHETIC,SYN_CRM_0037,SYN_ATM_0148,15,1,70000.0,11.61,0.35,2,12,0.5,13.2,0
SYNTHETIC,SYN_CRM_0038,SYN_ATM_0149,17,4,74400.0,10.78,0.28,0,4,0.4,11.8,0
SYNTHETIC,SYN_CRM_0038,SYN_ATM_0150,17,4,74400.0,0.74,0.49,10,24,6.9,50.2,1
SYNTHETIC,SYN_CRM_0038,SYN_ATM_0151,17,4,74400.0,0.66,0.11,0,4,3.5,7.8,0
SYNTHETIC,SYN_CRM_0038,SYN_ATM_0152,17,4,74400.0,8.76,0.57,3,19,4.7,28.8,0
SYNTHETIC,SYN_CRM_0039,SYN_ATM_0153,3,6,58700.0,6.88,0.16,0,5,0.2,14.1,0
SYNTHETIC,SYN_CRM_0039,SYN_ATM_0154,3,6,58700.0,1.17,0.25,0,3,3.9,6.9,0
SYNTHETIC,SYN_CRM_0039,SYN_ATM_0155,3,6,58700.0,6.72,0.12,4,19,4.6,32.9,0
SYNTHETIC,SYN_CRM_0039,SYN_ATM_0156,3,6,58700.0,8.95,0.48,8,22,3.2,36.6,0
SYNTHETIC,SYN_CRM_0040,SYN_ATM_0157,18,0,157700.0,0.45,0.67,16,47,6.7,54.6,1
SYNTHETIC,SYN_CRM_0040,SYN_ATM_0158,18,0,157700.0,8.54,0.09,1,10,0.2,16.8,0
SYNTHETIC,SYN_CRM_0040,SYN_ATM_0159,18,0,157700.0,9.16,0.18,1,5,0.4,12.2,0
SYNTHETIC,SYN_CRM_0040,SYN_ATM_0160,18,0,157700.0,5.19,0.63,5,17,3.1,24.9,0
SYNTHETIC,SYN_CRM_0041,SYN_ATM_0161,0,2,5900.0,8.2,0.66,8,31,6.9,46.5,0
SYNTHETIC,SYN_CRM_0041,SYN_ATM_0162,0,2,5900.0,6.03,0.48,3,11,3.4,17.2,0
SYNTHETIC,SYN_CRM_0041,SYN_ATM_0163,0,2,5900.0,12.19,0.06,1,3,1.8,9.9,0
SYNTHETIC,SYN_CRM_0041,SYN_ATM_0164,0,2,5900.0,10.76,0.14,1,3,1.9,8.6,0
SYNTHETIC,SYN_CRM_0042,SYN_ATM_0165,11,6,188500.0,7.51,0.71,4,24,1.5,29.1,0
SYNTHETIC,SYN_CRM_0042,SYN_ATM_0166,11,6,188500.0,4.25,0.08,1,6,0.2,14.5,0
SYNTHETIC,SYN_CRM_0042,SYN_ATM_0167,11,6,188500.0,3.94,0.57,6,18,2.7,31.3,0
SYNTHETIC,SYN_CRM_0042,SYN_ATM_0168,11,6,188500.0,1.7,0.75,9,32,9.1,37.3,1
SYNTHETIC,SYN_CRM_0043,SYN_ATM_0169,15,1,24900.0,5.66,0.22,2,10,3.3,20.2,0
SYNTHETIC,SYN_CRM_0043,SYN_ATM_0170,15,1,24900.0,15.36,0.19,2,7,0.7,9.9,0
SYNTHETIC,SYN_CRM_0043,SYN_ATM_0171,15,1,24900.0,1.55,0.57,5,31,6.4,42.2,1
SYNTHETIC,SYN_CRM_0043,SYN_ATM_0172,15,1,24900.0,11.2,0.05,1,6,2.4,15.1,0
SYNTHETIC,SYN_CRM_0044,SYN_ATM_0173,16,0,149000.0,6.61,0.51,7,35,2.2,39.0,0
SYNTHETIC,SYN_CRM_0044,SYN_ATM_0174,16,0,149000.0,11.47,0.3,3,17,4.0,27.1,0
SYNTHETIC,SYN_CRM_0044,SYN_ATM_0175,16,0,149000.0,0.1,0.42,10,34,6.8,55.6,1
SYNTHETIC,SYN_CRM_0044,SYN_ATM_0176,16,0,149000.0,0.69,0.22,1,5,0.7,9.6,0
SYNTHETIC,SYN_CRM_0045,SYN_ATM_0177,19,1,162200.0,8.56,0.65,1,20,3.4,34.9,0
SYNTHETIC,SYN_CRM_0045,SYN_ATM_0178,19,1,162200.0,4.73,0.33,1,14,4.0,21.4,0
SYNTHETIC,SYN_CRM_0045,SYN_ATM_0179,19,1,162200.0,7.91,0.15,1,5,1.8,13.1,0
SYNTHETIC,SYN_CRM_0045,SYN_ATM_0180,19,1,162200.0,6.34,0.46,8,23,5.2,28.8,0
SYNTHETIC,SYN_CRM_0046,SYN_ATM_0181,18,2,355800.0,4.74,0.1,1,10,0.8,13.4,0
SYNTHETIC,SYN_CRM_0046,SYN_ATM_0182,18,2,355800.0,1.97,0.08,1,5,3.3,12.0,0
SYNTHETIC,SYN_CRM_0046,SYN_ATM_0183,18,2,355800.0,10.0,0.58,5,27,8.1,35.4,0
SYNTHETIC,SYN_CRM_0046,SYN_ATM_0184,18,2,355800.0,1.55,0.79,11,32,3.8,50.6,1
SYNTHETIC,SYN_CRM_0047,SYN_ATM_0185,19,0,6200.0,4.89,0.5,1,11,2.5,22.6,0
SYNTHETIC,SYN_CRM_0047,SYN_ATM_0186,19,0,6200.0,11.06,0.42,6,24,5.6,38.0,0
SYNTHETIC,SYN_CRM_0047,SYN_ATM_0187,19,0,6200.0,0.41,0.72,8,30,5.3,57.9,1
SYNTHETIC,SYN_CRM_0047,SYN_ATM_0188,19,0,6200.0,12.97,0.33,3,12,1.1,16.8,0
SYNTHETIC,SYN_CRM_0048,SYN_ATM_0189,21,3,443200.0,3.34,0.21,2,11,2.2,21.4,0
SYNTHETIC,SYN_CRM_0048,SYN_ATM_0190,21,3,443200.0,1.85,0.24,1,11,3.4,17.4,0
SYNTHETIC,SYN_CRM_0048,SYN_ATM_0191,21,3,443200.0,6.47,0.22,1,8,0.7,16.9,0
SYNTHETIC,SYN_CRM_0048,SYN_ATM_0192,21,3,443200.0,9.32,0.08,0,5,2.5,9.4,0
SYNTHETIC,SYN_CRM_0049,SYN_ATM_0193,16,1,392700.0,11.43,0.1,0,7,0.3,15.7,0
SYNTHETIC,SYN_CRM_0049,SYN_ATM_0194,16,1,392700.0,5.79,0.27,5,21,3.0,25.3,0
SYNTHETIC,SYN_CRM_0049,SYN_ATM_0195,16,1,392700.0,1.9,0.67,11,39,6.6,49.6,1
SYNTHETIC,SYN_CRM_0049,SYN_ATM_0196,16,1,392700.0,3.29,0.17,0,1,2.2,5.9,0
SYNTHETIC,SYN_CRM_0050,SYN_ATM_0197,8,4,152600.0,1.18,0.69,11,24,9.7,46.4,1
SYNTHETIC,SYN_CRM_0050,SYN_ATM_0198,8,4,152600.0,6.32,0.47,4,17,2.8,34.3,0
SYNTHETIC,SYN_CRM_0050,SYN_ATM_0199,8,4,152600.0,9.28,0.38,6,27,4.0,37.3,0
SYNTHETIC,SYN_CRM_0050,SYN_ATM_0200,8,4,152600.0,10.77,0.15,1,1,1.1,9.7,0
SYNTHETIC,SYN_CRM_0051,SYN_ATM_0201,23,1,141800.0,7.79,0.69,7,18,5.3,24.7,0
SYNTHETIC,SYN_CRM_0051,SYN_ATM_0202,23,1,141800.0,1.74,0.77,7,37,5.9,48.5,1
SYNTHETIC,SYN_CRM_0051,SYN_ATM_0203,23,1,141800.0,2.7,0.37,3,21,2.1,28.8,0
SYNTHETIC,SYN_CRM_0051,SYN_ATM_0204,23,1,141800.0,5.02,0.39,4,15,4.2,27.5,0
SYNTHETIC,SYN_CRM_0052,SYN_ATM_0205,17,3,20500.0,4.14,0.17,4,11,2.3,19.4,0
SYNTHETIC,SYN_CRM_0052,SYN_ATM_0206,17,3,20500.0,0.9,0.87,10,26,7.9,53.7,1
SYNTHETIC,SYN_CRM_0052,SYN_ATM_0207,17,3,20500.0,3.0,0.37,2,3,1.0,9.2,0
SYNTHETIC,SYN_CRM_0052,SYN_ATM_0208,17,3,20500.0,15.91,0.09,2,7,1.5,10.7,0
SYNTHETIC,SYN_CRM_0053,SYN_ATM_0209,14,3,18100.0,14.74,0.21,2,9,1.4,16.2,0
SYNTHETIC,SYN_CRM_0053,SYN_ATM_0210,14,3,18100.0,6.02,0.26,0,0,0.8,6.0,0
SYNTHETIC,SYN_CRM_0053,SYN_ATM_0211,14,3,18100.0,1.43,0.5,9,13,6.6,35.8,1
SYNTHETIC,SYN_CRM_0053,SYN_ATM_0212,14,3,18100.0,5.12,0.2,2,10,2.2,19.4,0
SYNTHETIC,SYN_CRM_0054,SYN_ATM_0213,17,6,69300.0,1.37,0.86,11,35,4.9,53.7,1
SYNTHETIC,SYN_CRM_0054,SYN_ATM_0214,17,6,69300.0,10.83,0.71,5,15,2.1,26.4,0
SYNTHETIC,SYN_CRM_0054,SYN_ATM_0215,17,6,69300.0,3.05,0.39,2,7,4.4,16.9,0
SYNTHETIC,SYN_CRM_0054,SYN_ATM_0216,17,6,69300.0,4.11,0.28,3,17,1.1,30.5,0
SYNTHETIC,SYN_CRM_0055,SYN_ATM_0217,10,2,78400.0,1.06,0.1,1,8,1.1,10.7,0
SYNTHETIC,SYN_CRM_0055,SYN_ATM_0218,10,2,78400.0,0.89,0.04,0,5,1.9,11.3,0
SYNTHETIC,SYN_CRM_0055,SYN_ATM_0219,10,2,78400.0,1.22,0.75,9,40,7.6,61.9,1
SYNTHETIC,SYN_CRM_0055,SYN_ATM_0220,10,2,78400.0,7.35,0.26,0,4,1.0,5.5,0
SYNTHETIC,SYN_CRM_0056,SYN_ATM_0221,18,1,60200.0,5.15,0.31,2,11,2.8,20.3,0
SYNTHETIC,SYN_CRM_0056,SYN_ATM_0222,18,1,60200.0,1.13,0.45,12,28,9.5,36.8,1
SYNTHETIC,SYN_CRM_0056,SYN_ATM_0223,18,1,60200.0,3.57,0.53,2,8,3.5,18.5,0
SYNTHETIC,SYN_CRM_0056,SYN_ATM_0224,18,1,60200.0,3.67,0.43,3,11,2.7,24.0,0
SYNTHETIC,SYN_CRM_0057,SYN_ATM_0225,23,3,102400.0,6.44,0.38,5,12,5.8,20.3,0
SYNTHETIC,SYN_CRM_0057,SYN_ATM_0226,23,3,102400.0,15.34,0.83,4,21,3.0,25.7,0
SYNTHETIC,SYN_CRM_0057,SYN_ATM_0227,23,3,102400.0,1.51,0.85,12,33,6.7,50.6,1
SYNTHETIC,SYN_CRM_0057,SYN_ATM_0228,23,3,102400.0,1.86,0.48,5,11,5.2,18.9,0
SYNTHETIC,SYN_CRM_0058,SYN_ATM_0229,6,5,19700.0,6.91,0.3,2,4,1.5,7.0,0
SYNTHETIC,SYN_CRM_0058,SYN_ATM_0230,6,5,19700.0,0.65,0.65,8,23,8.0,30.8,1
SYNTHETIC,SYN_CRM_0058,SYN_ATM_0231,6,5,19700.0,2.88,0.11,0,0,2.7,3.3,0
SYNTHETIC,SYN_CRM_0058,SYN_ATM_0232,6,5,19700.0,3.68,0.34,0,8,1.3,12.0,0
SYNTHETIC,SYN_CRM_0059,SYN_ATM_0233,18,3,176200.0,0.24,0.11,1,1,1.2,2.3,0
SYNTHETIC,SYN_CRM_0059,SYN_ATM_0234,18,3,176200.0,2.29,0.86,11,41,2.8,48.9,1
SYNTHETIC,SYN_CRM_0059,SYN_ATM_0235,18,3,176200.0,2.38,0.43,1,14,2.8,16.2,0
SYNTHETIC,SYN_CRM_0059,SYN_ATM_0236,18,3,176200.0,7.44,0.1,0,3,2.2,6.4,0
SYNTHETIC,SYN_CRM_0060,SYN_ATM_0237,1,2,169500.0,0.14,0.82,9,47,6.1,62.3,1
SYNTHETIC,SYN_CRM_0060,SYN_ATM_0238,1,2,169500.0,3.73,0.25,0,1,2.0,10.7,0
SYNTHETIC,SYN_CRM_0060,SYN_ATM_0239,1,2,169500.0,10.12,0.48,4,31,5.6,47.1,0
SYNTHETIC,SYN_CRM_0060,SYN_ATM_0240,1,2,169500.0,13.49,0.26,2,7,1.3,8.7,0
SYNTHETIC,SYN_CRM_0061,SYN_ATM_0241,23,6,2400.0,8.84,0.49,7,30,3.5,34.7,0
SYNTHETIC,SYN_CRM_0061,SYN_ATM_0242,23,6,2400.0,3.58,0.19,3,12,4.1,16.1,0
SYNTHETIC,SYN_CRM_0061,SYN_ATM_0243,23,6,2400.0,13.72,0.25,1,6,1.5,8.7,0
SYNTHETIC,SYN_CRM_0061,SYN_ATM_0244,23,6,2400.0,0.39,0.78,13,38,10.9,48.9,1
SYNTHETIC,SYN_CRM_0062,SYN_ATM_0245,19,5,149300.0,16.15,0.04,1,5,0.7,11.1,0
SYNTHETIC,SYN_CRM_0062,SYN_ATM_0246,19,5,149300.0,2.41,0.26,1,4,4.0,7.1,0
SYNTHETIC,SYN_CRM_0062,SYN_ATM_0247,19,5,149300.0,0.67,0.61,9,26,3.6,34.4,1
SYNTHETIC,SYN_CRM_0062,SYN_ATM_0248,19,5,149300.0,9.15,0.59,6,20,5.3,29.9,0
SYNTHETIC,SYN_CRM_0063,SYN_ATM_0249,4,3,367200.0,8.87,0.26,2,2,0.8,3.0,0
SYNTHETIC,SYN_CRM_0063,SYN_ATM_0250,4,3,367200.0,0.81,0.58,11,34,8.8,57.3,1
SYNTHETIC,SYN_CRM_0063,SYN_ATM_0251,4,3,367200.0,1.13,0.14,3,5,3.1,7.1,0
SYNTHETIC,SYN_CRM_0063,SYN_ATM_0252,4,3,367200.0,16.12,0.21,1,1,0.2,8.1,0
SYNTHETIC,SYN_CRM_0064,SYN_ATM_0253,18,3,365600.0,6.72,0.48,9,16,2.1,29.8,0
SYNTHETIC,SYN_CRM_0064,SYN_ATM_0254,18,3,365600.0,5.07,0.34,3,13,3.8,25.3,0
SYNTHETIC,SYN_CRM_0064,SYN_ATM_0255,18,3,365600.0,2.41,0.21,0,3,1.0,5.2,0
SYNTHETIC,SYN_CRM_0064,SYN_ATM_0256,18,3,365600.0,1.54,0.62,2,19,6.1,31.1,1
SYNTHETIC,SYN_CRM_0065,SYN_ATM_0257,19,3,392500.0,1.14,0.24,1,10,1.8,17.7,0
SYNTHETIC,SYN_CRM_0065,SYN_ATM_0258,19,3,392500.0,0.1,0.46,15,43,6.2,48.2,1
SYNTHETIC,SYN_CRM_0065,SYN_ATM_0259,19,3,392500.0,12.43,0.34,2,8,2.1,9.1,0
SYNTHETIC,SYN_CRM_0065,SYN_ATM_0260,19,3,392500.0,2.27,0.38,1,4,1.5,8.5,0
SYNTHETIC,SYN_CRM_0066,SYN_ATM_0261,13,0,36500.0,11.35,0.07,0,6,2.3,7.9,0
SYNTHETIC,SYN_CRM_0066,SYN_ATM_0262,13,0,36500.0,10.4,0.04,1,9,1.3,13.0,0
SYNTHETIC,SYN_CRM_0066,SYN_ATM_0263,13,0,36500.0,4.0,0.41,9,29,4.6,44.9,0
SYNTHETIC,SYN_CRM_0066,SYN_ATM_0264,13,0,36500.0,2.72,0.47,2,11,3.7,12.6,0
SYNTHETIC,SYN_CRM_0067,SYN_ATM_0265,8,3,157400.0,2.34,0.53,17,36,7.4,46.5,1
SYNTHETIC,SYN_CRM_0067,SYN_ATM_0266,8,3,157400.0,2.69,0.33,1,9,2.2,12.7,0
SYNTHETIC,SYN_CRM_0067,SYN_ATM_0267,8,3,157400.0,5.52,0.38,5,18,4.5,23.2,0
SYNTHETIC,SYN_CRM_0067,SYN_ATM_0268,8,3,157400.0,0.15,0.04,0,1,1.6,4.4,0
SYNTHETIC,SYN_CRM_0068,SYN_ATM_0269,18,6,417200.0,3.86,0.3,3,11,0.8,18.8,0
SYNTHETIC,SYN_CRM_0068,SYN_ATM_0270,18,6,417200.0,8.6,0.17,0,5,4.4,14.4,0
SYNTHETIC,SYN_CRM_0068,SYN_ATM_0271,18,6,417200.0,0.14,0.81,8,21,6.3,42.1,1
SYNTHETIC,SYN_CRM_0068,SYN_ATM_0272,18,6,417200.0,5.62,0.32,0,1,2.8,4.5,0
SYNTHETIC,SYN_CRM_0069,SYN_ATM_0273,6,0,333400.0,1.4,0.79,11,32,4.3,44.5,1
SYNTHETIC,SYN_CRM_0069,SYN_ATM_0274,6,0,333400.0,9.9,0.14,1,8,1.1,12.2,0
SYNTHETIC,SYN_CRM_0069,SYN_ATM_0275,6,0,333400.0,15.15,0.08,1,7,2.8,8.8,0
SYNTHETIC,SYN_CRM_0069,SYN_ATM_0276,6,0,333400.0,10.14,0.53,3,21,4.2,31.3,0
SYNTHETIC,SYN_CRM_0070,SYN_ATM_0277,5,2,416300.0,8.19,0.59,8,17,1.8,26.6,0
SYNTHETIC,SYN_CRM_0070,SYN_ATM_0278,5,2,416300.0,2.05,0.48,7,21,8.5,32.2,1
SYNTHETIC,SYN_CRM_0070,SYN_ATM_0279,5,2,416300.0,1.09,0.1,2,4,3.0,9.2,0
SYNTHETIC,SYN_CRM_0070,SYN_ATM_0280,5,2,416300.0,6.72,0.39,2,18,2.1,24.1,0
SYNTHETIC,SYN_CRM_0071,SYN_ATM_0281,21,1,145500.0,1.85,0.67,6,25,6.2,48.7,1
SYNTHETIC,SYN_CRM_0071,SYN_ATM_0282,21,1,145500.0,6.73,0.25,2,10,3.9,19.7,0
SYNTHETIC,SYN_CRM_0071,SYN_ATM_0283,21,1,145500.0,1.48,0.17,1,2,3.8,9.4,0
SYNTHETIC,SYN_CRM_0071,SYN_ATM_0284,21,1,145500.0,1.96,0.05,0,7,2.0,11.5,0
SYNTHETIC,SYN_CRM_0072,SYN_ATM_0285,17,0,6500.0,3.61,0.27,0,4,2.0,7.7,0
SYNTHETIC,SYN_CRM_0072,SYN_ATM_0286,17,0,6500.0,0.1,0.83,5,26,6.9,43.9,1
SYNTHETIC,SYN_CRM_0072,SYN_ATM_0287,17,0,6500.0,0.65,0.23,0,1,2.7,1.7,0
SYNTHETIC,SYN_CRM_0072,SYN_ATM_0288,17,0,6500.0,9.49,0.04,3,13,2.8,14.8,0
SYNTHETIC,SYN_CRM_0073,SYN_ATM_0289,11,3,142500.0,0.1,0.8,12,35,6.1,59.4,1
SYNTHETIC,SYN_CRM_0073,SYN_ATM_0290,11,3,142500.0,1.03,0.18,1,4,1.9,5.8,0
SYNTHETIC,SYN_CRM_0073,SYN_ATM_0291,11,3,142500.0,3.0,0.12,2,9,1.7,13.6,0
SYNTHETIC,SYN_CRM_0073,SYN_ATM_0292,11,3,142500.0,13.69,0.17,0,3,1.2,10.2,0
SYNTHETIC,SYN_CRM_0074,SYN_ATM_0293,9,6,175500.0,8.4,0.65,3,23,3.3,31.8,0
SYNTHETIC,SYN_CRM_0074,SYN_ATM_0294,9,6,175500.0,0.97,0.67,7,35,7.4,43.1,1
SYNTHETIC,SYN_CRM_0074,SYN_ATM_0295,9,6,175500.0,1.96,0.04,0,3,1.1,4.4,0
SYNTHETIC,SYN_CRM_0074,SYN_ATM_0296,9,6,175500.0,9.7,0.67,3,15,5.4,24.3,0
SYNTHETIC,SYN_CRM_0075,SYN_ATM_0297,14,4,157400.0,0.96,0.2,2,7,2.0,7.6,0
SYNTHETIC,SYN_CRM_0075,SYN_ATM_0298,14,4,157400.0,10.5,0.33,0,5,0.2,12.0,0
SYNTHETIC,SYN_CRM_0075,SYN_ATM_0299,14,4,157400.0,9.55,0.44,6,22,4.5,29.1,0
SYNTHETIC,SYN_CRM_0075,SYN_ATM_0300,14,4,157400.0,5.93,0.66,5,12,5.7,23.2,0
SYNTHETIC,SYN_CRM_0076,SYN_ATM_0301,7,0,52600.0,8.18,0.34,6,15,3.2,27.8,0
SYNTHETIC,SYN_CRM_0076,SYN_ATM_0302,7,0,52600.0,11.87,0.24,1,12,1.4,13.3,0
SYNTHETIC,SYN_CRM_0076,SYN_ATM_0303,7,0,52600.0,6.53,0.52,5,12,3.6,21.1,0
SYNTHETIC,SYN_CRM_0076,SYN_ATM_0304,7,0,52600.0,4.0,0.4,7,15,2.3,26.6,0
SYNTHETIC,SYN_CRM_0077,SYN_ATM_0305,15,4,39400.0,2.32,0.17,0,6,4.1,9.6,0
SYNTHETIC,SYN_CRM_0077,SYN_ATM_0306,15,4,39400.0,13.51,0.19,1,4,2.9,5.9,0
SYNTHETIC,SYN_CRM_0077,SYN_ATM_0307,15,4,39400.0,0.87,0.81,7,35,8.0,54.1,1
SYNTHETIC,SYN_CRM_0077,SYN_ATM_0308,15,4,39400.0,10.76,0.8,6,17,5.5,31.2,0
SYNTHETIC,SYN_CRM_0078,SYN_ATM_0309,18,2,49300.0,1.01,0.57,7,37,5.8,46.2,1
SYNTHETIC,SYN_CRM_0078,SYN_ATM_0310,18,2,49300.0,9.2,0.61,7,19,5.4,30.7,0
SYNTHETIC,SYN_CRM_0078,SYN_ATM_0311,18,2,49300.0,0.67,0.21,1,8,2.4,11.9,0
SYNTHETIC,SYN_CRM_0078,SYN_ATM_0312,18,2,49300.0,12.78,0.29,4,9,0.8,11.4,0
SYNTHETIC,SYN_CRM_0079,SYN_ATM_0313,18,1,290600.0,5.68,0.43,4,13,4.6,22.3,0
SYNTHETIC,SYN_CRM_0079,SYN_ATM_0314,18,1,290600.0,1.19,0.2,1,5,1.3,7.1,0
SYNTHETIC,SYN_CRM_0079,SYN_ATM_0315,18,1,290600.0,6.28,0.15,1,5,1.5,13.7,0
SYNTHETIC,SYN_CRM_0079,SYN_ATM_0316,18,1,290600.0,1.74,0.14,2,8,2.6,9.3,0
SYNTHETIC,SYN_CRM_0080,SYN_ATM_0317,12,2,15900.0,1.27,0.17,0,5,1.1,7.1,0
SYNTHETIC,SYN_CRM_0080,SYN_ATM_0318,12,2,15900.0,1.66,0.72,7,24,2.1,33.2,1
SYNTHETIC,SYN_CRM_0080,SYN_ATM_0319,12,2,15900.0,4.99,0.42,2,6,3.0,10.6,0
SYNTHETIC,SYN_CRM_0080,SYN_ATM_0320,12,2,15900.0,2.01,0.2,1,3,4.0,10.6,0
SYNTHETIC,SYN_CRM_0081,SYN_ATM_0321,1,6,116200.0,1.32,0.23,0,2,4.7,6.2,0
SYNTHETIC,SYN_CRM_0081,SYN_ATM_0322,1,6,116200.0,1.11,0.58,20,39,5.4,65.4,1
SYNTHETIC,SYN_CRM_0081,SYN_ATM_0323,1,6,116200.0,12.16,0.11,3,9,0.7,16.8,0
SYNTHETIC,SYN_CRM_0081,SYN_ATM_0324,1,6,116200.0,3.0,0.3,2,7,1.9,15.0,0
SYNTHETIC,SYN_CRM_0082,SYN_ATM_0325,15,5,172100.0,5.19,0.19,2,5,1.5,13.2,0
SYNTHETIC,SYN_CRM_0082,SYN_ATM_0326,15,5,172100.0,7.88,0.43,7,16,5.6,20.0,0
SYNTHETIC,SYN_CRM_0082,SYN_ATM_0327,15,5,172100.0,1.21,0.04,1,2,2.9,7.1,0
SYNTHETIC,SYN_CRM_0082,SYN_ATM_0328,15,5,172100.0,1.41,0.64,9,27,10.0,48.0,1
SYNTHETIC,SYN_CRM_0083,SYN_ATM_0329,18,1,40800.0,13.4,0.36,4,9,1.4,17.2,0
SYNTHETIC,SYN_CRM_0083,SYN_ATM_0330,18,1,40800.0,8.73,0.38,1,5,2.2,9.8,0
SYNTHETIC,SYN_CRM_0083,SYN_ATM_0331,18,1,40800.0,0.57,0.85,8,30,5.0,47.8,1
SYNTHETIC,SYN_CRM_0083,SYN_ATM_0332,18,1,40800.0,1.77,0.21,3,8,3.8,10.3,0
SYNTHETIC,SYN_CRM_0084,SYN_ATM_0333,14,3,253700.0,11.16,0.06,1,6,1.2,9.5,0
SYNTHETIC,SYN_CRM_0084,SYN_ATM_0334,14,3,253700.0,7.84,0.32,3,11,2.8,15.3,0
SYNTHETIC,SYN_CRM_0084,SYN_ATM_0335,14,3,253700.0,10.43,0.62,2,19,6.5,23.3,0
SYNTHETIC,SYN_CRM_0084,SYN_ATM_0336,14,3,253700.0,5.87,0.5,6,14,5.2,20.6,0
SYNTHETIC,SYN_CRM_0085,SYN_ATM_0337,12,3,432800.0,10.14,0.21,1,6,0.4,9.7,0
SYNTHETIC,SYN_CRM_0085,SYN_ATM_0338,12,3,432800.0,1.01,0.73,9,25,4.8,33.9,1
SYNTHETIC,SYN_CRM_0085,SYN_ATM_0339,12,3,432800.0,1.5,0.52,3,12,3.8,16.4,0
SYNTHETIC,SYN_CRM_0085,SYN_ATM_0340,12,3,432800.0,4.94,0.15,1,12,4.4,20.8,0
SYNTHETIC,SYN_CRM_0086,SYN_ATM_0341,15,5,89000.0,1.85,0.25,0,0,4.0,2.9,0
SYNTHETIC,SYN_CRM_0086,SYN_ATM_0342,15,5,89000.0,10.94,0.61,8,30,8.0,34.6,0
SYNTHETIC,SYN_CRM_0086,SYN_ATM_0343,15,5,89000.0,6.86,0.25,2,7,2.2,11.9,0
SYNTHETIC,SYN_CRM_0086,SYN_ATM_0344,15,5,89000.0,0.34,0.76,11,27,6.1,47.9,1
SYNTHETIC,SYN_CRM_0087,SYN_ATM_0345,16,1,119300.0,4.12,0.39,5,18,2.4,30.2,0
SYNTHETIC,SYN_CRM_0087,SYN_ATM_0346,16,1,119300.0,2.63,0.55,11,35,5.9,58.1,1
SYNTHETIC,SYN_CRM_0087,SYN_ATM_0347,16,1,119300.0,14.66,0.29,2,3,1.7,12.4,0
SYNTHETIC,SYN_CRM_0087,SYN_ATM_0348,16,1,119300.0,12.35,0.04,5,15,0.6,17.4,0
SYNTHETIC,SYN_CRM_0088,SYN_ATM_0349,17,6,18300.0,10.46,0.21,1,5,2.5,9.1,0
SYNTHETIC,SYN_CRM_0088,SYN_ATM_0350,17,6,18300.0,5.11,0.39,5,26,7.0,31.2,0
SYNTHETIC,SYN_CRM_0088,SYN_ATM_0351,17,6,18300.0,0.37,0.59,6,34,5.3,40.1,1
SYNTHETIC,SYN_CRM_0088,SYN_ATM_0352,17,6,18300.0,6.08,0.4,6,18,5.3,35.9,0
SYNTHETIC,SYN_CRM_0089,SYN_ATM_0353,15,0,434600.0,5.98,0.53,6,21,4.2,36.2,0
SYNTHETIC,SYN_CRM_0089,SYN_ATM_0354,15,0,434600.0,9.05,0.26,0,8,0.7,10.7,0
SYNTHETIC,SYN_CRM_0089,SYN_ATM_0355,15,0,434600.0,9.53,0.3,1,6,0.2,15.5,0
SYNTHETIC,SYN_CRM_0089,SYN_ATM_0356,15,0,434600.0,0.1,0.37,3,36,4.1,63.8,1
SYNTHETIC,SYN_CRM_0090,SYN_ATM_0357,8,1,176700.0,0.91,0.6,9,44,5.7,67.4,1
SYNTHETIC,SYN_CRM_0090,SYN_ATM_0358,8,1,176700.0,3.59,0.3,3,13,2.9,22.0,0
SYNTHETIC,SYN_CRM_0090,SYN_ATM_0359,8,1,176700.0,6.65,0.23,0,4,0.4,12.1,0
SYNTHETIC,SYN_CRM_0090,SYN_ATM_0360,8,1,176700.0,5.29,0.43,3,11,3.3,13.9,0
SYNTHETIC,SYN_CRM_0091,SYN_ATM_0361,15,2,312100.0,9.71,0.65,7,31,4.8,48.4,0
SYNTHETIC,SYN_CRM_0091,SYN_ATM_0362,15,2,312100.0,0.95,0.31,0,0,5.1,6.4,0
SYNTHETIC,SYN_CRM_0091,SYN_ATM_0363,15,2,312100.0,7.82,0.18,3,11,1.1,20.5,0
SYNTHETIC,SYN_CRM_0091,SYN_ATM_0364,15,2,312100.0,6.24,0.12,3,12,5.5,21.0,0
SYNTHETIC,SYN_CRM_0092,SYN_ATM_0365,21,4,53900.0,9.43,0.14,1,7,2.1,14.2,0
SYNTHETIC,SYN_CRM_0092,SYN_ATM_0366,21,4,53900.0,1.17,0.27,1,6,1.7,7.0,0
SYNTHETIC,SYN_CRM_0092,SYN_ATM_0367,21,4,53900.0,9.63,0.22,2,13,0.5,18.2,0
SYNTHETIC,SYN_CRM_0092,SYN_ATM_0368,21,4,53900.0,7.0,0.52,1,18,4.0,30.8,0
SYNTHETIC,SYN_CRM_0093,SYN_ATM_0369,18,1,68000.0,0.38,0.99,10,24,7.9,41.1,1
SYNTHETIC,SYN_CRM_0093,SYN_ATM_0370,18,1,68000.0,6.22,0.5,2,9,4.0,10.9,0
SYNTHETIC,SYN_CRM_0093,SYN_ATM_0371,18,1,68000.0,6.1,0.59,3,13,3.4,23.2,0
SYNTHETIC,SYN_CRM_0093,SYN_ATM_0372,18,1,68000.0,1.9,0.19,1,6,1.6,6.9,0
SYNTHETIC,SYN_CRM_0094,SYN_ATM_0373,16,6,23300.0,0.82,0.92,8,34,5.7,45.0,1
SYNTHETIC,SYN_CRM_0094,SYN_ATM_0374,16,6,23300.0,9.82,0.27,0,7,1.0,13.8,0
SYNTHETIC,SYN_CRM_0094,SYN_ATM_0375,16,6,23300.0,7.53,0.2,1,4,2.3,8.9,0
SYNTHETIC,SYN_CRM_0094,SYN_ATM_0376,16,6,23300.0,10.34,0.22,1,2,1.9,3.3,0
SYNTHETIC,SYN_CRM_0095,SYN_ATM_0377,12,4,65400.0,1.8,0.5,12,39,4.5,64.2,1
SYNTHETIC,SYN_CRM_0095,SYN_ATM_0378,12,4,65400.0,5.89,0.85,5,15,5.8,31.5,0
SYNTHETIC,SYN_CRM_0095,SYN_ATM_0379,12,4,65400.0,3.58,0.22,4,18,4.6,31.7,0
SYNTHETIC,SYN_CRM_0095,SYN_ATM_0380,12,4,65400.0,8.33,0.46,4,13,4.0,27.0,0
SYNTHETIC,SYN_CRM_0096,SYN_ATM_0381,17,6,118400.0,1.86,0.81,7,13,2.9,17.3,1
SYNTHETIC,SYN_CRM_0096,SYN_ATM_0382,17,6,118400.0,1.18,0.07,1,5,1.5,9.7,0
SYNTHETIC,SYN_CRM_0096,SYN_ATM_0383,17,6,118400.0,1.76,0.19,2,6,4.0,13.1,0
SYNTHETIC,SYN_CRM_0096,SYN_ATM_0384,17,6,118400.0,1.56,0.35,1,9,4.8,12.7,0
SYNTHETIC,SYN_CRM_0097,SYN_ATM_0385,13,4,163200.0,2.27,0.23,2,3,2.4,5.8,0
SYNTHETIC,SYN_CRM_0097,SYN_ATM_0386,13,4,163200.0,6.77,0.48,4,13,1.7,18.3,0
SYNTHETIC,SYN_CRM_0097,SYN_ATM_0387,13,4,163200.0,1.05,0.48,15,35,5.3,49.6,1
SYNTHETIC,SYN_CRM_0097,SYN_ATM_0388,13,4,163200.0,4.1,0.25,1,10,3.9,12.2,0
SYNTHETIC,SYN_CRM_0098,SYN_ATM_0389,19,0,50400.0,1.76,0.97,11,35,7.0,47.6,1
SYNTHETIC,SYN_CRM_0098,SYN_ATM_0390,19,0,50400.0,9.71,0.14,0,9,2.3,16.0,0
SYNTHETIC,SYN_CRM_0098,SYN_ATM_0391,19,0,50400.0,6.03,0.23,1,3,2.6,11.5,0
SYNTHETIC,SYN_CRM_0098,SYN_ATM_0392,19,0,50400.0,8.57,0.24,2,7,1.3,15.6,0
SYNTHETIC,SYN_CRM_0099,SYN_ATM_0393,19,1,394200.0,0.15,0.18,1,3,4.1,4.8,0
SYNTHETIC,SYN_CRM_0099,SYN_ATM_0394,19,1,394200.0,4.63,0.4,5,13,4.7,23.4,0
SYNTHETIC,SYN_CRM_0099,SYN_ATM_0395,19,1,394200.0,0.86,0.99,6,29,8.2,45.5,1
SYNTHETIC,SYN_CRM_0099,SYN_ATM_0396,19,1,394200.0,2.07,0.19,3,6,2.4,12.8,0
SYNTHETIC,SYN_CRM_0100,SYN_ATM_0397,16,4,115800.0,0.81,0.82,12,24,6.0,43.6,1
SYNTHETIC,SYN_CRM_0100,SYN_ATM_0398,16,4,115800.0,3.0,0.14,3,10,1.5,18.2,0
SYNTHETIC,SYN_CRM_0100,SYN_ATM_0399,16,4,115800.0,7.42,0.65,6,19,6.1,28.1,0
SYNTHETIC,SYN_CRM_0100,SYN_ATM_0400,16,4,115800.0,3.07,0.04,1,3,0.7,8.9,0
SYNTHETIC,SYN_CRM_0101,SYN_ATM_0401,18,5,188800.0,6.15,0.16,3,14,3.3,25.6,0
SYNTHETIC,SYN_CRM_0101,SYN_ATM_0402,18,5,188800.0,5.34,0.44,2,13,4.8,18.9,0
SYNTHETIC,SYN_CRM_0101,SYN_ATM_0403,18,5,188800.0,1.08,0.6,6,28,7.2,52.4,1
SYNTHETIC,SYN_CRM_0101,SYN_ATM_0404,18,5,188800.0,10.08,0.7,6,21,2.6,37.3,0
SYNTHETIC,SYN_CRM_0102,SYN_ATM_0405,15,6,143600.0,10.51,0.33,0,2,0.2,9.3,0
SYNTHETIC,SYN_CRM_0102,SYN_ATM_0406,15,6,143600.0,1.26,0.75,8,27,4.4,46.2,1
SYNTHETIC,SYN_CRM_0102,SYN_ATM_0407,15,6,143600.0,8.7,0.4,3,3,2.3,4.3,0
SYNTHETIC,SYN_CRM_0102,SYN_ATM_0408,15,6,143600.0,1.49,0.14,2,5,1.7,5.8,0
SYNTHETIC,SYN_CRM_0103,SYN_ATM_0409,9,2,467600.0,14.7,0.22,4,8,1.9,13.3,0
SYNTHETIC,SYN_CRM_0103,SYN_ATM_0410,9,2,467600.0,1.4,0.7,18,45,7.5,59.9,1
SYNTHETIC,SYN_CRM_0103,SYN_ATM_0411,9,2,467600.0,5.36,0.56,4,26,3.9,40.3,0
SYNTHETIC,SYN_CRM_0103,SYN_ATM_0412,9,2,467600.0,9.41,0.39,2,7,0.7,16.9,0
SYNTHETIC,SYN_CRM_0104,SYN_ATM_0413,9,0,100300.0,0.39,0.86,5,25,7.2,31.6,1
SYNTHETIC,SYN_CRM_0104,SYN_ATM_0414,9,0,100300.0,4.24,0.43,2,12,3.3,16.7,0
SYNTHETIC,SYN_CRM_0104,SYN_ATM_0415,9,0,100300.0,1.74,0.33,1,7,3.6,12.2,0
SYNTHETIC,SYN_CRM_0104,SYN_ATM_0416,9,0,100300.0,1.97,0.04,0,3,3.6,5.6,0
SYNTHETIC,SYN_CRM_0105,SYN_ATM_0417,19,3,5600.0,6.75,0.62,4,18,1.5,24.5,0
SYNTHETIC,SYN_CRM_0105,SYN_ATM_0418,19,3,5600.0,0.36,0.78,13,41,6.9,56.9,1
SYNTHETIC,SYN_CRM_0105,SYN_ATM_0419,19,3,5600.0,4.61,0.32,0,7,2.7,20.7,0
SYNTHETIC,SYN_CRM_0105,SYN_ATM_0420,19,3,5600.0,6.72,0.41,3,4,2.1,7.9,0
SYNTHETIC,SYN_CRM_0106,SYN_ATM_0421,18,3,91400.0,1.48,0.72,7,43,5.7,53.4,1
SYNTHETIC,SYN_CRM_0106,SYN_ATM_0422,18,3,91400.0,0.17,0.14,1,6,3.2,9.9,0
SYNTHETIC,SYN_CRM_0106,SYN_ATM_0423,18,3,91400.0,3.87,0.24,4,14,0.9,24.6,0
SYNTHETIC,SYN_CRM_0106,SYN_ATM_0424,18,3,91400.0,5.19,0.4,4,11,2.6,19.6,0
SYNTHETIC,SYN_CRM_0107,SYN_ATM_0425,14,4,41500.0,4.0,0.6,6,22,3.7,38.0,0
SYNTHETIC,SYN_CRM_0107,SYN_ATM_0426,14,4,41500.0,1.01,0.49,9,26,6.3,52.9,1
SYNTHETIC,SYN_CRM_0107,SYN_ATM_0427,14,4,41500.0,2.23,0.35,2,11,2.2,20.8,0
SYNTHETIC,SYN_CRM_0107,SYN_ATM_0428,14,4,41500.0,0.49,0.3,2,4,4.2,4.6,0
SYNTHETIC,SYN_CRM_0108,SYN_ATM_0429,21,4,182200.0,1.11,0.6,12,25,6.0,38.1,1
SYNTHETIC,SYN_CRM_0108,SYN_ATM_0430,21,4,182200.0,4.42,0.48,2,11,3.7,18.7,0
SYNTHETIC,SYN_CRM_0108,SYN_ATM_0431,21,4,182200.0,12.1,0.55,6,28,5.8,43.4,0
SYNTHETIC,SYN_CRM_0108,SYN_ATM_0432,21,4,182200.0,4.92,0.54,4,11,2.7,20.7,0
SYNTHETIC,SYN_CRM_0109,SYN_ATM_0433,14,2,23300.0,8.37,0.39,3,17,3.9,29.9,0
SYNTHETIC,SYN_CRM_0109,SYN_ATM_0434,14,2,23300.0,9.93,0.12,2,3,2.6,7.1,0
SYNTHETIC,SYN_CRM_0109,SYN_ATM_0435,14,2,23300.0,12.47,0.14,0,3,2.2,5.4,0
SYNTHETIC,SYN_CRM_0109,SYN_ATM_0436,14,2,23300.0,1.39,0.92,11,46,9.6,54.6,1
SYNTHETIC,SYN_CRM_0110,SYN_ATM_0437,12,6,75600.0,1.21,0.57,2,29,3.9,45.7,1
SYNTHETIC,SYN_CRM_0110,SYN_ATM_0438,12,6,75600.0,12.32,0.41,0,5,0.9,14.3,0
SYNTHETIC,SYN_CRM_0110,SYN_ATM_0439,12,6,75600.0,4.94,0.14,2,2,2.2,7.3,0
SYNTHETIC,SYN_CRM_0110,SYN_ATM_0440,12,6,75600.0,4.94,0.89,6,18,3.7,35.5,0
SYNTHETIC,SYN_CRM_0111,SYN_ATM_0441,22,3,96600.0,3.26,0.34,1,11,3.0,21.4,0
SYNTHETIC,SYN_CRM_0111,SYN_ATM_0442,22,3,96600.0,1.94,0.24,0,0,2.2,1.8,0
SYNTHETIC,SYN_CRM_0111,SYN_ATM_0443,22,3,96600.0,0.14,0.67,4,17,5.9,43.6,1
SYNTHETIC,SYN_CRM_0111,SYN_ATM_0444,22,3,96600.0,1.0,0.11,0,3,0.4,6.7,0
SYNTHETIC,SYN_CRM_0112,SYN_ATM_0445,0,0,4600.0,11.53,0.04,1,11,1.4,13.4,0
SYNTHETIC,SYN_CRM_0112,SYN_ATM_0446,0,0,4600.0,1.57,0.59,5,30,6.3,50.2,1
SYNTHETIC,SYN_CRM_0112,SYN_ATM_0447,0,0,4600.0,1.59,0.33,1,5,1.5,10.7,0
SYNTHETIC,SYN_CRM_0112,SYN_ATM_0448,0,0,4600.0,4.77,0.14,2,3,2.2,12.7,0
SYNTHETIC,SYN_CRM_0113,SYN_ATM_0449,3,5,57200.0,6.49,0.27,1,6,1.9,17.2,0
SYNTHETIC,SYN_CRM_0113,SYN_ATM_0450,3,5,57200.0,3.91,0.35,2,9,3.8,12.7,0
SYNTHETIC,SYN_CRM_0113,SYN_ATM_0451,3,5,57200.0,6.1,0.68,5,18,3.4,26.0,0
SYNTHETIC,SYN_CRM_0113,SYN_ATM_0452,3,5,57200.0,0.83,0.7,11,38,5.6,43.2,1
SYNTHETIC,SYN_CRM_0114,SYN_ATM_0453,21,4,116100.0,8.47,0.09,1,6,2.7,11.7,0
SYNTHETIC,SYN_CRM_0114,SYN_ATM_0454,21,4,116100.0,6.56,0.41,4,16,6.9,23.4,0
SYNTHETIC,SYN_CRM_0114,SYN_ATM_0455,21,4,116100.0,2.02,0.66,10,32,4.1,38.8,1
SYNTHETIC,SYN_CRM_0114,SYN_ATM_0456,21,4,116100.0,4.38,0.59,7,21,6.5,24.6,0
SYNTHETIC,SYN_CRM_0115,SYN_ATM_0457,21,3,483500.0,4.04,0.2,1,3,0.5,9.7,0
SYNTHETIC,SYN_CRM_0115,SYN_ATM_0458,21,3,483500.0,8.17,0.63,10,24,4.6,35.0,0
SYNTHETIC,SYN_CRM_0115,SYN_ATM_0459,21,3,483500.0,0.76,0.65,8,25,5.8,33.9,1
SYNTHETIC,SYN_CRM_0115,SYN_ATM_0460,21,3,483500.0,1.88,0.51,0,12,1.7,14.4,0
SYNTHETIC,SYN_CRM_0116,SYN_ATM_0461,18,0,39900.0,1.33,0.82,12,40,10.3,54.8,1
SYNTHETIC,SYN_CRM_0116,SYN_ATM_0462,18,0,39900.0,6.64,0.52,6,22,5.7,35.8,0
SYNTHETIC,SYN_CRM_0116,SYN_ATM_0463,18,0,39900.0,9.48,0.19,0,3,2.1,10.0,0
SYNTHETIC,SYN_CRM_0116,SYN_ATM_0464,18,0,39900.0,1.39,0.16,0,6,5.0,6.7,0
SYNTHETIC,SYN_CRM_0117,SYN_ATM_0465,8,1,9000.0,5.89,0.51,2,11,4.9,24.4,0
SYNTHETIC,SYN_CRM_0117,SYN_ATM_0466,8,1,9000.0,0.63,0.16,2,6,2.3,10.5,0
SYNTHETIC,SYN_CRM_0117,SYN_ATM_0467,8,1,9000.0,1.66,0.68,2,20,6.8,39.5,1
SYNTHETIC,SYN_CRM_0117,SYN_ATM_0468,8,1,9000.0,10.14,0.63,6,19,5.2,24.7,0
SYNTHETIC,SYN_CRM_0118,SYN_ATM_0469,19,6,15500.0,7.4,0.54,4,22,3.6,39.3,0
SYNTHETIC,SYN_CRM_0118,SYN_ATM_0470,19,6,15500.0,11.12,0.53,5,23,3.2,28.9,0
SYNTHETIC,SYN_CRM_0118,SYN_ATM_0471,19,6,15500.0,6.27,0.76,4,12,3.9,29.4,0
SYNTHETIC,SYN_CRM_0118,SYN_ATM_0472,19,6,15500.0,7.13,0.15,1,2,3.1,5.1,0
SYNTHETIC,SYN_CRM_0119,SYN_ATM_0473,12,5,185300.0,3.78,0.37,2,10,2.8,22.6,0
SYNTHETIC,SYN_CRM_0119,SYN_ATM_0474,12,5,185300.0,15.38,0.2,1,1,0.3,9.6,0
SYNTHETIC,SYN_CRM_0119,SYN_ATM_0475,12,5,185300.0,0.23,0.53,7,29,3.6,39.3,1
SYNTHETIC,SYN_CRM_0119,SYN_ATM_0476,12,5,185300.0,4.9,0.2,4,16,2.7,28.6,0
SYNTHETIC,SYN_CRM_0120,SYN_ATM_0477,16,6,47900.0,9.84,0.59,4,17,8.6,22.1,0
SYNTHETIC,SYN_CRM_0120,SYN_ATM_0478,16,6,47900.0,4.57,0.09,2,6,1.1,13.5,0
SYNTHETIC,SYN_CRM_0120,SYN_ATM_0479,16,6,47900.0,6.96,0.42,4,14,3.2,22.0,0
SYNTHETIC,SYN_CRM_0120,SYN_ATM_0480,16,6,47900.0,2.14,0.76,16,31,4.8,36.0,1
SYNTHETIC,SYN_CRM_0121,SYN_ATM_0481,17,0,142600.0,0.7,0.16,2,6,1.4,8.4,0
SYNTHETIC,SYN_CRM_0121,SYN_ATM_0482,17,0,142600.0,4.14,0.39,3,10,4.3,21.4,0
SYNTHETIC,SYN_CRM_0121,SYN_ATM_0483,17,0,142600.0,1.16,0.71,7,30,8.5,40.7,1
SYNTHETIC,SYN_CRM_0121,SYN_ATM_0484,17,0,142600.0,13.32,0.3,2,3,2.6,7.4,0
SYNTHETIC,SYN_CRM_0122,SYN_ATM_0485,11,0,48700.0,0.89,0.24,2,7,3.5,14.2,0
SYNTHETIC,SYN_CRM_0122,SYN_ATM_0486,11,0,48700.0,1.73,0.77,13,31,7.8,44.7,1
SYNTHETIC,SYN_CRM_0122,SYN_ATM_0487,11,0,48700.0,2.5,0.18,0,12,2.8,21.1,0
SYNTHETIC,SYN_CRM_0122,SYN_ATM_0488,11,0,48700.0,7.43,0.48,4,21,4.3,32.7,0
SYNTHETIC,SYN_CRM_0123,SYN_ATM_0489,19,4,111700.0,4.03,0.34,3,17,2.6,29.9,0
SYNTHETIC,SYN_CRM_0123,SYN_ATM_0490,19,4,111700.0,1.5,0.26,2,10,1.2,15.0,0
SYNTHETIC,SYN_CRM_0123,SYN_ATM_0491,19,4,111700.0,1.72,0.6,8,22,6.8,38.9,1
SYNTHETIC,SYN_CRM_0123,SYN_ATM_0492,19,4,111700.0,3.69,0.37,0,6,1.1,14.8,0
SYNTHETIC,SYN_CRM_0124,SYN_ATM_0493,18,3,68100.0,9.84,0.3,3,16,5.3,30.5,0
SYNTHETIC,SYN_CRM_0124,SYN_ATM_0494,18,3,68100.0,5.02,0.51,2,11,3.9,12.6,0
SYNTHETIC,SYN_CRM_0124,SYN_ATM_0495,18,3,68100.0,2.37,0.2,1,6,1.4,9.6,0
SYNTHETIC,SYN_CRM_0124,SYN_ATM_0496,18,3,68100.0,2.32,0.84,7,26,8.2,42.9,1
SYNTHETIC,SYN_CRM_0125,SYN_ATM_0497,16,4,60800.0,0.93,0.18,0,6,1.3,12.3,0
SYNTHETIC,SYN_CRM_0125,SYN_ATM_0498,16,4,60800.0,7.76,0.76,7,25,6.6,39.7,0
SYNTHETIC,SYN_CRM_0125,SYN_ATM_0499,16,4,60800.0,5.94,0.45,0,5,3.6,7.2,0
SYNTHETIC,SYN_CRM_0125,SYN_ATM_0500,16,4,60800.0,0.4,0.57,12,22,8.7,37.3,1
SYNTHETIC,SYN_CRM_0126,SYN_ATM_0501,16,0,6000.0,0.84,0.4,12,30,4.3,35.4,1
SYNTHETIC,SYN_CRM_0126,SYN_ATM_0502,16,0,6000.0,8.26,0.43,6,16,4.3,29.1,0
SYNTHETIC,SYN_CRM_0126,SYN_ATM_0503,16,0,6000.0,9.49,0.81,5,15,1.7,23.4,0
SYNTHETIC,SYN_CRM_0126,SYN_ATM_0504,16,0,6000.0,0.61,0.24,1,7,2.4,12.5,0
SYNTHETIC,SYN_CRM_0127,SYN_ATM_0505,13,1,64200.0,0.1,0.65,8,23,4.2,32.4,1
SYNTHETIC,SYN_CRM_0127,SYN_ATM_0506,13,1,64200.0,6.76,0.25,4,14,3.4,21.8,0
SYNTHETIC,SYN_CRM_0127,SYN_ATM_0507,13,1,64200.0,0.67,0.2,2,5,3.5,11.5,0
SYNTHETIC,SYN_CRM_0127,SYN_ATM_0508,13,1,64200.0,13.47,0.12,0,5,1.9,8.7,0
SYNTHETIC,SYN_CRM_0128,SYN_ATM_0509,19,5,55200.0,1.07,0.86,7,25,7.2,38.9,1
SYNTHETIC,SYN_CRM_0128,SYN_ATM_0510,19,5,55200.0,4.0,0.37,5,25,3.6,34.0,0
SYNTHETIC,SYN_CRM_0128,SYN_ATM_0511,19,5,55200.0,0.84,0.3,2,6,2.9,7.9,0
SYNTHETIC,SYN_CRM_0128,SYN_ATM_0512,19,5,55200.0,2.42,0.25,1,3,2.2,5.3,0
SYNTHETIC,SYN_CRM_0129,SYN_ATM_0513,10,1,35000.0,4.94,0.4,2,18,4.4,31.5,0
SYNTHETIC,SYN_CRM_0129,SYN_ATM_0514,10,1,35000.0,1.16,0.8,7,43,5.1,68.1,1
SYNTHETIC,SYN_CRM_0129,SYN_ATM_0515,10,1,35000.0,1.32,0.26,0,1,2.6,2.5,0
SYNTHETIC,SYN_CRM_0129,SYN_ATM_0516,10,1,35000.0,10.49,0.3,8,25,6.0,40.9,0
SYNTHETIC,SYN_CRM_0130,SYN_ATM_0517,19,3,409500.0,1.58,0.73,8,26,5.2,43.2,1
SYNTHETIC,SYN_CRM_0130,SYN_ATM_0518,19,3,409500.0,7.89,0.07,0,8,1.8,10.5,0
SYNTHETIC,SYN_CRM_0130,SYN_ATM_0519,19,3,409500.0,0.31,0.33,1,6,2.4,8.2,0
SYNTHETIC,SYN_CRM_0130,SYN_ATM_0520,19,3,409500.0,12.58,0.21,0,6,2.3,7.9,0
SYNTHETIC,SYN_CRM_0131,SYN_ATM_0521,22,1,20600.0,5.56,0.25,0,8,2.7,16.6,0
SYNTHETIC,SYN_CRM_0131,SYN_ATM_0522,22,1,20600.0,1.96,0.55,15,42,8.7,57.4,1
SYNTHETIC,SYN_CRM_0131,SYN_ATM_0523,22,1,20600.0,0.71,0.23,2,7,1.6,7.6,0
SYNTHETIC,SYN_CRM_0131,SYN_ATM_0524,22,1,20600.0,8.47,0.41,2,11,0.2,17.7,0
SYNTHETIC,SYN_CRM_0132,SYN_ATM_0525,8,6,39500.0,3.6,0.44,2,15,2.6,20.7,0
SYNTHETIC,SYN_CRM_0132,SYN_ATM_0526,8,6,39500.0,2.66,0.04,1,5,1.6,7.2,0
SYNTHETIC,SYN_CRM_0132,SYN_ATM_0527,8,6,39500.0,7.49,0.69,4,11,3.4,19.4,0
SYNTHETIC,SYN_CRM_0132,SYN_ATM_0528,8,6,39500.0,1.57,0.41,8,32,4.0,36.6,1
SYNTHETIC,SYN_CRM_0133,SYN_ATM_0529,18,5,64600.0,10.43,0.24,0,8,2.4,15.8,0
SYNTHETIC,SYN_CRM_0133,SYN_ATM_0530,18,5,64600.0,1.22,0.81,12,42,7.6,67.3,1
SYNTHETIC,SYN_CRM_0133,SYN_ATM_0531,18,5,64600.0,8.03,0.69,5,22,3.6,35.0,0
SYNTHETIC,SYN_CRM_0133,SYN_ATM_0532,18,5,64600.0,4.19,0.31,5,14,4.3,18.9,0
SYNTHETIC,SYN_CRM_0134,SYN_ATM_0533,14,5,55400.0,6.62,0.49,8,26,3.1,34.5,0
SYNTHETIC,SYN_CRM_0134,SYN_ATM_0534,14,5,55400.0,6.25,0.22,2,2,1.6,5.8,0
SYNTHETIC,SYN_CRM_0134,SYN_ATM_0535,14,5,55400.0,13.64,0.6,5,26,5.9,33.4,0
SYNTHETIC,SYN_CRM_0134,SYN_ATM_0536,14,5,55400.0,1.14,0.72,7,34,7.1,51.5,1
SYNTHETIC,SYN_CRM_0135,SYN_ATM_0537,13,1,157500.0,7.41,0.26,0,7,1.8,10.2,0
SYNTHETIC,SYN_CRM_0135,SYN_ATM_0538,13,1,157500.0,0.11,0.71,4,33,3.0,41.4,1
SYNTHETIC,SYN_CRM_0135,SYN_ATM_0539,13,1,157500.0,6.61,0.1,3,8,1.4,9.0,0
SYNTHETIC,SYN_CRM_0135,SYN_ATM_0540,13,1,157500.0,8.46,0.61,5,29,4.9,42.9,0
SYNTHETIC,SYN_CRM_0136,SYN_ATM_0541,9,1,5900.0,1.91,0.42,5,16,2.0,27.2,0
SYNTHETIC,SYN_CRM_0136,SYN_ATM_0542,9,1,5900.0,9.17,0.15,2,2,1.7,10.4,0
SYNTHETIC,SYN_CRM_0136,SYN_ATM_0543,9,1,5900.0,9.78,0.14,0,5,1.7,9.9,0
SYNTHETIC,SYN_CRM_0136,SYN_ATM_0544,9,1,5900.0,0.92,0.74,13,34,4.3,54.4,1
SYNTHETIC,SYN_CRM_0137,SYN_ATM_0545,11,2,15100.0,1.08,0.92,16,41,8.2,47.7,1
SYNTHETIC,SYN_CRM_0137,SYN_ATM_0546,11,2,15100.0,0.98,0.18,1,6,3.1,12.4,0
SYNTHETIC,SYN_CRM_0137,SYN_ATM_0547,11,2,15100.0,14.9,0.27,2,6,0.4,8.0,0
SYNTHETIC,SYN_CRM_0137,SYN_ATM_0548,11,2,15100.0,10.5,0.04,3,8,0.2,9.1,0
SYNTHETIC,SYN_CRM_0138,SYN_ATM_0549,17,5,26400.0,5.11,0.17,1,12,3.5,18.0,0
SYNTHETIC,SYN_CRM_0138,SYN_ATM_0550,17,5,26400.0,14.08,0.32,0,6,1.0,13.1,0
SYNTHETIC,SYN_CRM_0138,SYN_ATM_0551,17,5,26400.0,1.27,0.8,14,34,4.8,59.9,1
SYNTHETIC,SYN_CRM_0138,SYN_ATM_0552,17,5,26400.0,2.89,0.25,1,6,2.8,9.3,0
SYNTHETIC,SYN_CRM_0139,SYN_ATM_0553,0,5,64000.0,0.67,0.29,1,8,2.3,9.9,0
SYNTHETIC,SYN_CRM_0139,SYN_ATM_0554,0,5,64000.0,1.1,0.21,1,7,1.9,9.9,0
SYNTHETIC,SYN_CRM_0139,SYN_ATM_0555,0,5,64000.0,8.98,0.19,1,7,2.1,9.3,0
SYNTHETIC,SYN_CRM_0139,SYN_ATM_0556,0,5,64000.0,9.8,0.15,0,5,0.9,11.1,0
SYNTHETIC,SYN_CRM_0140,SYN_ATM_0557,2,1,88500.0,3.0,0.23,2,11,3.0,20.4,0
SYNTHETIC,SYN_CRM_0140,SYN_ATM_0558,2,1,88500.0,9.19,0.43,6,18,6.0,21.6,0
SYNTHETIC,SYN_CRM_0140,SYN_ATM_0559,2,1,88500.0,6.94,0.47,1,5,2.0,7.3,0
SYNTHETIC,SYN_CRM_0140,SYN_ATM_0560,2,1,88500.0,4.96,0.58,7,30,6.4,39.2,0
SYNTHETIC,SYN_CRM_0141,SYN_ATM_0561,6,5,160900.0,4.97,0.44,4,20,2.2,27.0,0
SYNTHETIC,SYN_CRM_0141,SYN_ATM_0562,6,5,160900.0,15.53,0.41,4,24,8.7,38.5,0
SYNTHETIC,SYN_CRM_0141,SYN_ATM_0563,6,5,160900.0,7.48,0.39,5,22,3.2,28.8,0
SYNTHETIC,SYN_CRM_0141,SYN_ATM_0564,6,5,160900.0,0.1,0.87,5,34,6.3,61.6,1
SYNTHETIC,SYN_CRM_0142,SYN_ATM_0565,16,4,18000.0,7.32,0.39,1,9,3.2,14.9,0
SYNTHETIC,SYN_CRM_0142,SYN_ATM_0566,16,4,18000.0,0.69,0.66,8,31,6.4,41.4,1
SYNTHETIC,SYN_CRM_0142,SYN_ATM_0567,16,4,18000.0,4.5,0.46,5,12,2.6,14.5,0
SYNTHETIC,SYN_CRM_0142,SYN_ATM_0568,16,4,18000.0,7.26,0.42,9,20,4.4,35.3,0
SYNTHETIC,SYN_CRM_0143,SYN_ATM_0569,6,5,63800.0,1.4,0.41,16,23,4.6,29.9,1
SYNTHETIC,SYN_CRM_0143,SYN_ATM_0570,6,5,63800.0,5.89,0.37,5,12,0.8,21.4,0
SYNTHETIC,SYN_CRM_0143,SYN_ATM_0571,6,5,63800.0,6.73,0.21,1,5,0.9,11.9,0
SYNTHETIC,SYN_CRM_0143,SYN_ATM_0572,6,5,63800.0,3.68,0.57,2,11,2.7,17.9,0
SYNTHETIC,SYN_CRM_0144,SYN_ATM_0573,19,1,3500.0,0.58,0.69,12,30,5.0,45.5,1
SYNTHETIC,SYN_CRM_0144,SYN_ATM_0574,19,1,3500.0,4.37,0.11,0,1,2.3,6.5,0
SYNTHETIC,SYN_CRM_0144,SYN_ATM_0575,19,1,3500.0,9.15,0.34,0,7,1.1,11.0,0
SYNTHETIC,SYN_CRM_0144,SYN_ATM_0576,19,1,3500.0,11.65,0.13,1,4,2.7,7.8,0
SYNTHETIC,SYN_CRM_0145,SYN_ATM_0577,20,6,28700.0,5.72,0.35,1,13,1.9,22.3,0
SYNTHETIC,SYN_CRM_0145,SYN_ATM_0578,20,6,28700.0,1.67,0.9,15,38,3.9,44.7,1
SYNTHETIC,SYN_CRM_0145,SYN_ATM_0579,20,6,28700.0,9.69,0.59,5,17,3.2,27.2,0
SYNTHETIC,SYN_CRM_0145,SYN_ATM_0580,20,6,28700.0,1.31,0.29,2,6,3.8,11.5,0
SYNTHETIC,SYN_CRM_0146,SYN_ATM_0581,2,1,5600.0,9.27,0.21,2,10,1.1,18.7,0
SYNTHETIC,SYN_CRM_0146,SYN_ATM_0582,2,1,5600.0,5.73,0.33,1,9,0.6,18.8,0
SYNTHETIC,SYN_CRM_0146,SYN_ATM_0583,2,1,5600.0,1.59,0.79,6,31,8.5,46.0,1
SYNTHETIC,SYN_CRM_0146,SYN_ATM_0584,2,1,5600.0,6.13,0.46,2,11,3.2,17.4,0
SYNTHETIC,SYN_CRM_0147,SYN_ATM_0585,8,2,122600.0,2.33,0.19,1,15,4.8,20.0,0
SYNTHETIC,SYN_CRM_0147,SYN_ATM_0586,8,2,122600.0,10.25,0.35,2,9,0.8,18.6,0
SYNTHETIC,SYN_CRM_0147,SYN_ATM_0587,8,2,122600.0,0.35,0.59,12,45,7.0,70.8,1
SYNTHETIC,SYN_CRM_0147,SYN_ATM_0588,8,2,122600.0,13.44,0.49,8,29,3.9,44.0,0
SYNTHETIC,SYN_CRM_0148,SYN_ATM_0589,20,2,187800.0,11.6,0.45,3,20,3.1,31.0,0
SYNTHETIC,SYN_CRM_0148,SYN_ATM_0590,20,2,187800.0,1.65,0.27,1,5,4.4,7.9,0
SYNTHETIC,SYN_CRM_0148,SYN_ATM_0591,20,2,187800.0,5.74,0.35,0,6,3.0,9.4,0
SYNTHETIC,SYN_CRM_0148,SYN_ATM_0592,20,2,187800.0,5.53,0.24,3,8,1.8,14.3,0
SYNTHETIC,SYN_CRM_0149,SYN_ATM_0593,17,4,61200.0,11.54,0.12,1,3,1.3,5.1,0
SYNTHETIC,SYN_CRM_0149,SYN_ATM_0594,17,4,61200.0,11.86,0.04,4,6,2.9,8.6,0
SYNTHETIC,SYN_CRM_0149,SYN_ATM_0595,17,4,61200.0,1.56,0.26,3,4,3.7,9.7,0
SYNTHETIC,SYN_CRM_0149,SYN_ATM_0596,17,4,61200.0,1.46,0.92,4,31,3.5,49.6,1
SYNTHETIC,SYN_CRM_0150,SYN_ATM_0597,20,5,56700.0,0.34,0.7,9,39,7.1,52.5,1
SYNTHETIC,SYN_CRM_0150,SYN_ATM_0598,20,5,56700.0,1.37,0.1,1,4,2.0,6.7,0
SYNTHETIC,SYN_CRM_0150,SYN_ATM_0599,20,5,56700.0,6.42,0.83,6,21,2.6,31.8,0
SYNTHETIC,SYN_CRM_0150,SYN_ATM_0600,20,5,56700.0,8.8,0.28,1,5,0.7,12.9,0
SYNTHETIC,SYN_CRM_0151,SYN_ATM_0601,22,5,43600.0,1.5,0.89,7,24,6.5,44.6,1
SYNTHETIC,SYN_CRM_0151,SYN_ATM_0602,22,5,43600.0,4.82,0.43,3,14,1.3,21.1,0
SYNTHETIC,SYN_CRM_0151,SYN_ATM_0603,22,5,43600.0,5.57,0.56,3,24,4.7,32.7,0
SYNTHETIC,SYN_CRM_0151,SYN_ATM_0604,22,5,43600.0,4.05,0.5,2,10,2.3,22.4,0
SYNTHETIC,SYN_CRM_0152,SYN_ATM_0605,8,5,7500.0,12.39,0.43,1,6,1.7,11.2,0
SYNTHETIC,SYN_CRM_0152,SYN_ATM_0606,8,5,7500.0,7.61,0.65,4,20,2.2,32.9,0
SYNTHETIC,SYN_CRM_0152,SYN_ATM_0607,8,5,7500.0,4.83,0.65,6,21,7.5,36.3,0
SYNTHETIC,SYN_CRM_0152,SYN_ATM_0608,8,5,7500.0,2.07,0.74,13,37,8.1,44.5,1
SYNTHETIC,SYN_CRM_0153,SYN_ATM_0609,1,4,115800.0,7.76,0.25,0,4,1.0,12.0,0
SYNTHETIC,SYN_CRM_0153,SYN_ATM_0610,1,4,115800.0,5.48,0.08,2,6,1.9,9.3,0
SYNTHETIC,SYN_CRM_0153,SYN_ATM_0611,1,4,115800.0,7.32,0.62,7,22,2.4,35.4,0
SYNTHETIC,SYN_CRM_0153,SYN_ATM_0612,1,4,115800.0,11.16,0.09,1,2,1.4,3.5,0
SYNTHETIC,SYN_CRM_0154,SYN_ATM_0613,18,5,25300.0,9.12,0.49,4,26,2.2,36.4,0
SYNTHETIC,SYN_CRM_0154,SYN_ATM_0614,18,5,25300.0,0.91,0.04,1,3,2.5,5.7,0
SYNTHETIC,SYN_CRM_0154,SYN_ATM_0615,18,5,25300.0,1.22,0.79,11,33,3.1,51.8,1
SYNTHETIC,SYN_CRM_0154,SYN_ATM_0616,18,5,25300.0,6.3,0.7,6,19,4.6,31.6,0
SYNTHETIC,SYN_CRM_0155,SYN_ATM_0617,18,2,116900.0,5.52,0.44,4,20,1.9,23.9,0
SYNTHETIC,SYN_CRM_0155,SYN_ATM_0618,18,2,116900.0,3.8,0.49,2,12,2.5,15.2,0
SYNTHETIC,SYN_CRM_0155,SYN_ATM_0619,18,2,116900.0,1.54,0.85,4,14,9.8,40.3,1
SYNTHETIC,SYN_CRM_0155,SYN_ATM_0620,18,2,116900.0,10.87,0.08,1,3,1.4,3.7,0
SYNTHETIC,SYN_CRM_0156,SYN_ATM_0621,16,2,186600.0,18.5,0.28,0,2,0.4,8.2,0
SYNTHETIC,SYN_CRM_0156,SYN_ATM_0622,16,2,186600.0,0.8,0.87,9,25,4.2,29.8,1
SYNTHETIC,SYN_CRM_0156,SYN_ATM_0623,16,2,186600.0,6.16,0.58,7,24,1.5,28.7,0
SYNTHETIC,SYN_CRM_0156,SYN_ATM_0624,16,2,186600.0,5.74,0.42,3,13,0.8,20.5,0
SYNTHETIC,SYN_CRM_0157,SYN_ATM_0625,15,1,49000.0,6.0,0.79,10,12,7.9,18.1,0
SYNTHETIC,SYN_CRM_0157,SYN_ATM_0626,15,1,49000.0,8.48,0.05,2,9,2.8,9.9,0
SYNTHETIC,SYN_CRM_0157,SYN_ATM_0627,15,1,49000.0,5.44,0.29,2,12,3.5,13.8,0
SYNTHETIC,SYN_CRM_0157,SYN_ATM_0628,15,1,49000.0,2.03,0.32,3,15,2.5,23.2,0
SYNTHETIC,SYN_CRM_0158,SYN_ATM_0629,19,5,4700.0,1.97,0.67,12,29,8.9,55.6,1
SYNTHETIC,SYN_CRM_0158,SYN_ATM_0630,19,5,4700.0,4.14,0.3,2,18,2.8,26.3,0
SYNTHETIC,SYN_CRM_0158,SYN_ATM_0631,19,5,4700.0,16.3,0.26,2,10,2.4,17.2,0
SYNTHETIC,SYN_CRM_0158,SYN_ATM_0632,19,5,4700.0,5.27,0.24,2,13,1.8,18.7,0
SYNTHETIC,SYN_CRM_0159,SYN_ATM_0633,9,6,144000.0,3.72,0.38,0,6,4.1,16.1,0
SYNTHETIC,SYN_CRM_0159,SYN_ATM_0634,9,6,144000.0,1.57,0.14,1,9,2.7,14.1,0
SYNTHETIC,SYN_CRM_0159,SYN_ATM_0635,9,6,144000.0,2.69,0.49,1,13,2.0,14.9,0
SYNTHETIC,SYN_CRM_0159,SYN_ATM_0636,9,6,144000.0,6.15,0.49,8,32,5.6,44.1,0
SYNTHETIC,SYN_CRM_0160,SYN_ATM_0637,7,0,62900.0,1.33,0.55,12,28,5.0,55.4,1
SYNTHETIC,SYN_CRM_0160,SYN_ATM_0638,7,0,62900.0,5.83,0.44,2,13,6.7,22.5,0
SYNTHETIC,SYN_CRM_0160,SYN_ATM_0639,7,0,62900.0,3.44,0.35,2,16,2.8,23.6,0
SYNTHETIC,SYN_CRM_0160,SYN_ATM_0640,7,0,62900.0,0.96,0.09,1,3,2.8,10.7,0
SYNTHETIC,SYN_CRM_0161,SYN_ATM_0641,5,0,151600.0,7.42,0.53,1,23,5.6,26.0,0
SYNTHETIC,SYN_CRM_0161,SYN_ATM_0642,5,0,151600.0,6.9,0.3,0,8,2.5,10.4,0
SYNTHETIC,SYN_CRM_0161,SYN_ATM_0643,5,0,151600.0,0.85,0.61,6,22,2.6,36.4,1
SYNTHETIC,SYN_CRM_0161,SYN_ATM_0644,5,0,151600.0,7.89,0.34,7,17,3.5,23.6,0
SYNTHETIC,SYN_CRM_0162,SYN_ATM_0645,7,2,18200.0,3.0,0.11,2,10,2.2,16.1,0
SYNTHETIC,SYN_CRM_0162,SYN_ATM_0646,7,2,18200.0,1.57,0.18,0,4,1.4,5.8,0
SYNTHETIC,SYN_CRM_0162,SYN_ATM_0647,7,2,18200.0,3.71,0.15,2,6,1.0,7.7,0
SYNTHETIC,SYN_CRM_0162,SYN_ATM_0648,7,2,18200.0,15.81,0.18,3,5,1.2,14.8,0
SYNTHETIC,SYN_CRM_0163,SYN_ATM_0649,7,1,129900.0,0.59,0.23,0,4,3.0,4.6,0
SYNTHETIC,SYN_CRM_0163,SYN_ATM_0650,7,1,129900.0,10.6,0.55,5,32,1.7,43.6,0
SYNTHETIC,SYN_CRM_0163,SYN_ATM_0651,7,1,129900.0,13.07,0.25,2,8,0.8,15.4,0
SYNTHETIC,SYN_CRM_0163,SYN_ATM_0652,7,1,129900.0,1.03,0.45,10,26,6.1,42.4,1
SYNTHETIC,SYN_CRM_0164,SYN_ATM_0653,15,4,10500.0,0.75,0.56,7,36,4.3,40.3,1
SYNTHETIC,SYN_CRM_0164,SYN_ATM_0654,15,4,10500.0,6.24,0.73,4,24,3.0,41.7,0
SYNTHETIC,SYN_CRM_0164,SYN_ATM_0655,15,4,10500.0,11.94,0.37,1,7,1.0,13.5,0
SYNTHETIC,SYN_CRM_0164,SYN_ATM_0656,15,4,10500.0,0.79,0.08,0,7,1.8,7.7,0
SYNTHETIC,SYN_CRM_0165,SYN_ATM_0657,14,1,71100.0,1.3,0.27,0,7,2.4,12.4,0
SYNTHETIC,SYN_CRM_0165,SYN_ATM_0658,14,1,71100.0,0.49,0.66,10,27,7.8,35.3,1
SYNTHETIC,SYN_CRM_0165,SYN_ATM_0659,14,1,71100.0,15.04,0.66,5,25,6.3,39.3,0
SYNTHETIC,SYN_CRM_0165,SYN_ATM_0660,14,1,71100.0,4.0,0.43,5,18,5.8,29.7,0
SYNTHETIC,SYN_CRM_0166,SYN_ATM_0661,20,0,170700.0,5.19,0.6,4,21,7.6,29.9,0
SYNTHETIC,SYN_CRM_0166,SYN_ATM_0662,20,0,170700.0,2.16,0.71,7,31,9.4,54.1,1
SYNTHETIC,SYN_CRM_0166,SYN_ATM_0663,20,0,170700.0,6.77,0.74,5,16,4.9,31.7,0
SYNTHETIC,SYN_CRM_0166,SYN_ATM_0664,20,0,170700.0,1.25,0.16,1,8,1.8,10.4,0
SYNTHETIC,SYN_CRM_0167,SYN_ATM_0665,16,3,169900.0,4.53,0.3,6,24,4.1,33.2,0
SYNTHETIC,SYN_CRM_0167,SYN_ATM_0666,16,3,169900.0,1.11,0.51,6,37,6.3,47.0,1
SYNTHETIC,SYN_CRM_0167,SYN_ATM_0667,16,3,169900.0,8.7,0.19,0,6,0.2,7.7,0
SYNTHETIC,SYN_CRM_0167,SYN_ATM_0668,16,3,169900.0,6.48,0.51,1,15,3.9,24.6,0
SYNTHETIC,SYN_CRM_0168,SYN_ATM_0669,19,1,408700.0,2.18,0.25,1,3,4.4,9.3,0
SYNTHETIC,SYN_CRM_0168,SYN_ATM_0670,19,1,408700.0,5.06,0.24,2,8,0.9,18.0,0
SYNTHETIC,SYN_CRM_0168,SYN_ATM_0671,19,1,408700.0,10.27,0.16,3,9,3.9,15.6,0
SYNTHETIC,SYN_CRM_0168,SYN_ATM_0672,19,1,408700.0,1.77,0.86,5,31,8.4,37.5,1
SYNTHETIC,SYN_CRM_0169,SYN_ATM_0673,14,2,3300.0,6.25,0.39,3,16,3.1,19.4,0
SYNTHETIC,SYN_CRM_0169,SYN_ATM_0674,14,2,3300.0,8.59,0.57,4,12,4.3,22.2,0
SYNTHETIC,SYN_CRM_0169,SYN_ATM_0675,14,2,3300.0,0.17,0.85,8,31,7.1,51.5,1
SYNTHETIC,SYN_CRM_0169,SYN_ATM_0676,14,2,3300.0,5.96,0.48,4,13,4.1,18.3,0
SYNTHETIC,SYN_CRM_0170,SYN_ATM_0677,3,5,11600.0,4.22,0.27,1,9,1.3,11.3,0
SYNTHETIC,SYN_CRM_0170,SYN_ATM_0678,3,5,11600.0,1.59,0.3,1,5,1.6,10.2,0
SYNTHETIC,SYN_CRM_0170,SYN_ATM_0679,3,5,11600.0,1.73,0.25,0,3,2.2,7.6,0
SYNTHETIC,SYN_CRM_0170,SYN_ATM_0680,3,5,11600.0,8.06,0.32,1,22,3.6,25.6,0
SYNTHETIC,SYN_CRM_0171,SYN_ATM_0681,3,6,128700.0,5.78,0.26,2,17,3.1,24.6,0
SYNTHETIC,SYN_CRM_0171,SYN_ATM_0682,3,6,128700.0,11.78,0.35,1,10,0.9,10.6,0
SYNTHETIC,SYN_CRM_0171,SYN_ATM_0683,3,6,128700.0,2.63,0.11,2,6,3.7,12.6,0
SYNTHETIC,SYN_CRM_0171,SYN_ATM_0684,3,6,128700.0,0.88,0.86,9,29,8.7,37.9,1
SYNTHETIC,SYN_CRM_0172,SYN_ATM_0685,12,6,403500.0,9.69,0.56,6,26,5.1,40.4,0
SYNTHETIC,SYN_CRM_0172,SYN_ATM_0686,12,6,403500.0,1.32,0.79,11,38,8.6,56.0,1
SYNTHETIC,SYN_CRM_0172,SYN_ATM_0687,12,6,403500.0,10.65,0.07,2,8,1.2,8.6,0
SYNTHETIC,SYN_CRM_0172,SYN_ATM_0688,12,6,403500.0,4.08,0.33,2,17,1.5,28.4,0
SYNTHETIC,SYN_CRM_0173,SYN_ATM_0689,14,1,58400.0,11.74,0.37,0,4,0.4,12.4,0
SYNTHETIC,SYN_CRM_0173,SYN_ATM_0690,14,1,58400.0,7.31,0.42,8,38,5.2,55.7,0
SYNTHETIC,SYN_CRM_0173,SYN_ATM_0691,14,1,58400.0,2.93,0.04,1,3,1.3,3.9,0
SYNTHETIC,SYN_CRM_0173,SYN_ATM_0692,14,1,58400.0,0.76,0.78,14,23,7.6,38.9,1
SYNTHETIC,SYN_CRM_0174,SYN_ATM_0693,8,0,8600.0,9.43,0.36,7,26,6.7,40.8,0
SYNTHETIC,SYN_CRM_0174,SYN_ATM_0694,8,0,8600.0,7.29,0.8,5,14,6.5,21.9,0
SYNTHETIC,SYN_CRM_0174,SYN_ATM_0695,8,0,8600.0,1.43,0.92,15,36,5.1,57.7,1
SYNTHETIC,SYN_CRM_0174,SYN_ATM_0696,8,0,8600.0,5.11,0.31,1,11,3.7,23.6,0
SYNTHETIC,SYN_CRM_0175,SYN_ATM_0697,8,4,43200.0,1.93,0.19,2,7,3.7,13.9,0
SYNTHETIC,SYN_CRM_0175,SYN_ATM_0698,8,4,43200.0,1.24,0.64,5,39,7.1,57.5,1
SYNTHETIC,SYN_CRM_0175,SYN_ATM_0699,8,4,43200.0,3.17,0.24,6,16,4.6,28.2,0
SYNTHETIC,SYN_CRM_0175,SYN_ATM_0700,8,4,43200.0,7.16,0.77,7,20,4.1,34.0,0
SYNTHETIC,SYN_CRM_0176,SYN_ATM_0701,18,1,46100.0,5.75,0.3,4,13,6.7,19.8,0
SYNTHETIC,SYN_CRM_0176,SYN_ATM_0702,18,1,46100.0,0.28,0.52,9,28,9.2,43.9,1
SYNTHETIC,SYN_CRM_0176,SYN_ATM_0703,18,1,46100.0,9.6,0.05,2,6,1.1,16.0,0
SYNTHETIC,SYN_CRM_0176,SYN_ATM_0704,18,1,46100.0,11.34,0.19,0,6,1.1,12.0,0
SYNTHETIC,SYN_CRM_0177,SYN_ATM_0705,23,3,184900.0,1.39,0.2,0,3,1.7,5.7,0
SYNTHETIC,SYN_CRM_0177,SYN_ATM_0706,23,3,184900.0,2.78,0.32,2,10,1.5,20.1,0
SYNTHETIC,SYN_CRM_0177,SYN_ATM_0707,23,3,184900.0,0.64,0.63,8,36,9.1,41.2,1
SYNTHETIC,SYN_CRM_0177,SYN_ATM_0708,23,3,184900.0,6.73,0.54,3,24,4.3,37.6,0
SYNTHETIC,SYN_CRM_0178,SYN_ATM_0709,16,6,78900.0,0.42,0.54,2,21,6.9,43.3,1
SYNTHETIC,SYN_CRM_0178,SYN_ATM_0710,16,6,78900.0,4.0,0.71,5,22,3.1,30.6,0
SYNTHETIC,SYN_CRM_0178,SYN_ATM_0711,16,6,78900.0,4.0,0.58,6,27,2.3,36.8,0
SYNTHETIC,SYN_CRM_0178,SYN_ATM_0712,16,6,78900.0,4.0,0.48,11,26,2.0,31.8,0
SYNTHETIC,SYN_CRM_0179,SYN_ATM_0713,20,0,18200.0,1.53,0.79,6,34,6.0,53.1,1
SYNTHETIC,SYN_CRM_0179,SYN_ATM_0714,20,0,18200.0,6.76,0.35,2,9,1.4,13.7,0
SYNTHETIC,SYN_CRM_0179,SYN_ATM_0715,20,0,18200.0,1.33,0.23,0,6,3.1,9.6,0
SYNTHETIC,SYN_CRM_0179,SYN_ATM_0716,20,0,18200.0,6.83,0.5,2,14,3.1,29.6,0
SYNTHETIC,SYN_CRM_0180,SYN_ATM_0717,14,2,187800.0,7.67,0.29,1,4,1.9,10.4,0
SYNTHETIC,SYN_CRM_0180,SYN_ATM_0718,14,2,187800.0,17.32,0.15,2,11,1.5,20.1,0
SYNTHETIC,SYN_CRM_0180,SYN_ATM_0719,14,2,187800.0,1.21,0.64,17,32,11.8,44.9,1
SYNTHETIC,SYN_CRM_0180,SYN_ATM_0720,14,2,187800.0,7.94,0.18,2,7,0.3,11.8,0
SYNTHETIC,SYN_CRM_0181,SYN_ATM_0721,23,4,75200.0,7.76,0.28,6,12,4.9,21.6,0
SYNTHETIC,SYN_CRM_0181,SYN_ATM_0722,23,4,75200.0,8.41,0.45,1,1,0.2,7.8,0
SYNTHETIC,SYN_CRM_0181,SYN_ATM_0723,23,4,75200.0,4.04,0.12,3,12,2.8,22.0,0
SYNTHETIC,SYN_CRM_0181,SYN_ATM_0724,23,4,75200.0,1.13,0.74,8,27,7.1,39.6,1
SYNTHETIC,SYN_CRM_0182,SYN_ATM_0725,11,4,150000.0,14.89,0.33,0,8,0.6,13.2,0
SYNTHETIC,SYN_CRM_0182,SYN_ATM_0726,11,4,150000.0,1.28,0.17,0,2,2.5,7.9,0
SYNTHETIC,SYN_CRM_0182,SYN_ATM_0727,11,4,150000.0,0.48,0.78,10,29,8.7,46.5,1
SYNTHETIC,SYN_CRM_0182,SYN_ATM_0728,11,4,150000.0,12.75,0.36,0,7,0.6,9.1,0
SYNTHETIC,SYN_CRM_0183,SYN_ATM_0729,18,3,129700.0,1.47,0.81,9,23,9.4,41.2,1
SYNTHETIC,SYN_CRM_0183,SYN_ATM_0730,18,3,129700.0,13.0,0.78,5,24,4.3,33.9,0
SYNTHETIC,SYN_CRM_0183,SYN_ATM_0731,18,3,129700.0,1.86,0.17,0,0,2.9,2.8,0
SYNTHETIC,SYN_CRM_0183,SYN_ATM_0732,18,3,129700.0,1.49,0.05,1,8,2.6,9.7,0
SYNTHETIC,SYN_CRM_0184,SYN_ATM_0733,11,5,136700.0,4.19,0.59,7,20,4.2,24.0,0
SYNTHETIC,SYN_CRM_0184,SYN_ATM_0734,11,5,136700.0,3.94,0.1,2,3,1.8,7.1,0
SYNTHETIC,SYN_CRM_0184,SYN_ATM_0735,11,5,136700.0,0.98,0.65,9,33,4.1,38.4,1
SYNTHETIC,SYN_CRM_0184,SYN_ATM_0736,11,5,136700.0,6.77,0.63,7,26,3.6,35.3,0
SYNTHETIC,SYN_CRM_0185,SYN_ATM_0737,21,2,7200.0,0.1,0.7,11,33,7.2,57.9,1
SYNTHETIC,SYN_CRM_0185,SYN_ATM_0738,21,2,7200.0,2.62,0.33,2,7,2.2,9.7,0
SYNTHETIC,SYN_CRM_0185,SYN_ATM_0739,21,2,7200.0,1.46,0.19,1,3,1.4,10.3,0
SYNTHETIC,SYN_CRM_0185,SYN_ATM_0740,21,2,7200.0,9.78,0.26,2,13,2.1,19.3,0
SYNTHETIC,SYN_CRM_0186,SYN_ATM_0741,20,4,165500.0,0.1,0.87,11,39,7.6,59.6,1
SYNTHETIC,SYN_CRM_0186,SYN_ATM_0742,20,4,165500.0,9.82,0.04,0,4,2.6,6.1,0
SYNTHETIC,SYN_CRM_0186,SYN_ATM_0743,20,4,165500.0,7.96,0.51,8,22,5.9,28.1,0
SYNTHETIC,SYN_CRM_0186,SYN_ATM_0744,20,4,165500.0,3.31,0.19,3,13,4.0,20.6,0
SYNTHETIC,SYN_CRM_0187,SYN_ATM_0745,13,1,16300.0,0.1,0.78,10,35,8.5,42.0,1
SYNTHETIC,SYN_CRM_0187,SYN_ATM_0746,13,1,16300.0,1.42,0.15,1,4,2.1,5.6,0
SYNTHETIC,SYN_CRM_0187,SYN_ATM_0747,13,1,16300.0,1.22,0.32,2,6,1.2,10.3,0
SYNTHETIC,SYN_CRM_0187,SYN_ATM_0748,13,1,16300.0,5.17,0.3,0,4,0.2,13.7,0
SYNTHETIC,SYN_CRM_0188,SYN_ATM_0749,8,6,78400.0,5.51,0.26,2,11,2.9,22.9,0
SYNTHETIC,SYN_CRM_0188,SYN_ATM_0750,8,6,78400.0,0.8,0.87,6,27,6.5,49.3,1
SYNTHETIC,SYN_CRM_0188,SYN_ATM_0751,8,6,78400.0,5.04,0.62,6,20,2.7,24.2,0
SYNTHETIC,SYN_CRM_0188,SYN_ATM_0752,8,6,78400.0,11.89,0.46,5,13,5.4,28.6,0
SYNTHETIC,SYN_CRM_0189,SYN_ATM_0753,9,3,71300.0,2.09,0.57,8,40,8.7,60.1,1
SYNTHETIC,SYN_CRM_0189,SYN_ATM_0754,9,3,71300.0,8.3,0.37,7,26,3.9,39.4,0
SYNTHETIC,SYN_CRM_0189,SYN_ATM_0755,9,3,71300.0,4.33,0.12,4,14,3.7,26.1,0
SYNTHETIC,SYN_CRM_0189,SYN_ATM_0756,9,3,71300.0,9.59,0.6,1,17,5.9,31.5,0
SYNTHETIC,SYN_CRM_0190,SYN_ATM_0757,16,6,157300.0,3.65,0.12,1,3,1.9,7.2,0
SYNTHETIC,SYN_CRM_0190,SYN_ATM_0758,16,6,157300.0,9.96,0.25,1,1,1.5,6.2,0
SYNTHETIC,SYN_CRM_0190,SYN_ATM_0759,16,6,157300.0,11.38,0.36,2,3,1.2,9.8,0
SYNTHETIC,SYN_CRM_0190,SYN_ATM_0760,16,6,157300.0,0.27,0.56,7,30,6.5,45.9,1
SYNTHETIC,SYN_CRM_0191,SYN_ATM_0761,15,4,71600.0,2.54,0.7,12,39,8.5,43.9,1
SYNTHETIC,SYN_CRM_0191,SYN_ATM_0762,15,4,71600.0,6.74,0.12,2,6,0.3,10.6,0
SYNTHETIC,SYN_CRM_0191,SYN_ATM_0763,15,4,71600.0,4.74,0.73,4,14,2.5,24.0,0
SYNTHETIC,SYN_CRM_0191,SYN_ATM_0764,15,4,71600.0,1.07,0.22,1,7,2.8,10.3,0
SYNTHETIC,SYN_CRM_0192,SYN_ATM_0765,18,6,296100.0,1.56,0.82,5,28,7.8,41.1,1
SYNTHETIC,SYN_CRM_0192,SYN_ATM_0766,18,6,296100.0,4.51,0.72,7,24,4.1,30.5,0
SYNTHETIC,SYN_CRM_0192,SYN_ATM_0767,18,6,296100.0,11.28,0.69,5,24,4.7,27.6,0
SYNTHETIC,SYN_CRM_0192,SYN_ATM_0768,18,6,296100.0,2.27,0.1,1,5,3.1,9.0,0
SYNTHETIC,SYN_CRM_0193,SYN_ATM_0769,1,2,43400.0,8.19,0.13,1,4,0.2,8.0,0
SYNTHETIC,SYN_CRM_0193,SYN_ATM_0770,1,2,43400.0,10.92,0.31,7,14,4.3,25.0,0
SYNTHETIC,SYN_CRM_0193,SYN_ATM_0771,1,2,43400.0,19.72,0.33,2,7,1.1,15.5,0
SYNTHETIC,SYN_CRM_0193,SYN_ATM_0772,1,2,43400.0,0.79,0.83,15,42,7.9,57.4,1
SYNTHETIC,SYN_CRM_0194,SYN_ATM_0773,9,6,16800.0,6.38,0.56,8,16,2.4,21.7,0
SYNTHETIC,SYN_CRM_0194,SYN_ATM_0774,9,6,16800.0,11.07,0.16,1,5,0.2,14.6,0
SYNTHETIC,SYN_CRM_0194,SYN_ATM_0775,9,6,16800.0,1.06,0.56,8,21,9.2,35.4,1
SYNTHETIC,SYN_CRM_0194,SYN_ATM_0776,9,6,16800.0,0.5,0.12,0,4,1.5,5.6,0
SYNTHETIC,SYN_CRM_0195,SYN_ATM_0777,18,2,129200.0,0.2,0.52,12,40,6.6,49.7,1
SYNTHETIC,SYN_CRM_0195,SYN_ATM_0778,18,2,129200.0,13.63,0.24,2,5,1.8,10.1,0
SYNTHETIC,SYN_CRM_0195,SYN_ATM_0779,18,2,129200.0,1.62,0.49,4,20,3.4,25.0,0
SYNTHETIC,SYN_CRM_0195,SYN_ATM_0780,18,2,129200.0,1.66,0.18,1,1,2.2,1.9,0
SYNTHETIC,SYN_CRM_0196,SYN_ATM_0781,21,2,184100.0,5.61,0.74,9,25,7.4,29.7,0
SYNTHETIC,SYN_CRM_0196,SYN_ATM_0782,21,2,184100.0,0.97,0.3,2,2,2.0,9.5,0
SYNTHETIC,SYN_CRM_0196,SYN_ATM_0783,21,2,184100.0,11.27,0.17,3,6,2.8,10.2,0
SYNTHETIC,SYN_CRM_0196,SYN_ATM_0784,21,2,184100.0,2.33,0.21,1,6,3.6,13.8,0
SYNTHETIC,SYN_CRM_0197,SYN_ATM_0785,14,2,216800.0,0.8,0.85,1,35,4.6,47.7,1
SYNTHETIC,SYN_CRM_0197,SYN_ATM_0786,14,2,216800.0,0.15,0.21,2,5,2.3,11.8,0
SYNTHETIC,SYN_CRM_0197,SYN_ATM_0787,14,2,216800.0,2.54,0.15,0,2,2.7,9.7,0
SYNTHETIC,SYN_CRM_0197,SYN_ATM_0788,14,2,216800.0,7.3,0.61,9,18,3.4,26.8,0
SYNTHETIC,SYN_CRM_0198,SYN_ATM_0789,21,3,475400.0,10.7,0.17,2,9,0.9,17.0,0
SYNTHETIC,SYN_CRM_0198,SYN_ATM_0790,21,3,475400.0,0.17,0.71,10,24,7.6,45.7,1
SYNTHETIC,SYN_CRM_0198,SYN_ATM_0791,21,3,475400.0,3.72,0.48,2,13,3.6,15.3,0
SYNTHETIC,SYN_CRM_0198,SYN_ATM_0792,21,3,475400.0,9.64,0.56,4,27,2.2,41.4,0
SYNTHETIC,SYN_CRM_0199,SYN_ATM_0793,17,1,174900.0,8.07,0.36,2,6,2.1,12.7,0
SYNTHETIC,SYN_CRM_0199,SYN_ATM_0794,17,1,174900.0,4.18,0.13,2,6,1.1,14.8,0
SYNTHETIC,SYN_CRM_0199,SYN_ATM_0795,17,1,174900.0,11.48,0.35,2,9,1.3,13.2,0
SYNTHETIC,SYN_CRM_0199,SYN_ATM_0796,17,1,174900.0,1.44,0.53,9,30,9.6,34.6,1
SYNTHETIC,SYN_CRM_0200,SYN_ATM_0797,16,4,188800.0,8.91,0.16,2,7,0.8,11.0,0
SYNTHETIC,SYN_CRM_0200,SYN_ATM_0798,16,4,188800.0,5.15,0.51,0,13,4.4,20.2,0
SYNTHETIC,SYN_CRM_0200,SYN_ATM_0799,16,4,188800.0,2.33,0.3,2,6,3.3,10.2,0
SYNTHETIC,SYN_CRM_0200,SYN_ATM_0800,16,4,188800.0,6.92,0.31,2,7,0.6,13.9,0
SYNTHETIC,SYN_CRM_0201,SYN_ATM_0801,13,3,83500.0,7.2,0.25,1,9,0.5,17.8,0
SYNTHETIC,SYN_CRM_0201,SYN_ATM_0802,13,3,83500.0,5.37,0.3,2,14,3.6,23.0,0
SYNTHETIC,SYN_CRM_0201,SYN_ATM_0803,13,3,83500.0,8.52,0.21,1,4,2.5,10.9,0
SYNTHETIC,SYN_CRM_0201,SYN_ATM_0804,13,3,83500.0,6.12,0.32,4,14,1.0,20.3,0
SYNTHETIC,SYN_CRM_0202,SYN_ATM_0805,23,5,78100.0,3.0,0.21,1,4,1.9,5.8,0
SYNTHETIC,SYN_CRM_0202,SYN_ATM_0806,23,5,78100.0,1.88,0.75,14,46,7.2,70.0,1
SYNTHETIC,SYN_CRM_0202,SYN_ATM_0807,23,5,78100.0,1.98,0.17,0,4,3.6,6.8,0
SYNTHETIC,SYN_CRM_0202,SYN_ATM_0808,23,5,78100.0,3.33,0.21,3,11,6.7,23.2,0
SYNTHETIC,SYN_CRM_0203,SYN_ATM_0809,17,6,31300.0,9.18,0.39,3,9,0.2,12.9,0
SYNTHETIC,SYN_CRM_0203,SYN_ATM_0810,17,6,31300.0,1.01,0.68,3,26,4.5,50.8,1
SYNTHETIC,SYN_CRM_0203,SYN_ATM_0811,17,6,31300.0,14.86,0.34,2,5,1.8,14.0,0
SYNTHETIC,SYN_CRM_0203,SYN_ATM_0812,17,6,31300.0,1.36,0.04,0,3,1.0,6.6,0
SYNTHETIC,SYN_CRM_0204,SYN_ATM_0813,5,6,25700.0,1.06,0.12,0,4,0.4,5.1,0
SYNTHETIC,SYN_CRM_0204,SYN_ATM_0814,5,6,25700.0,3.76,0.3,5,13,2.0,14.6,0
SYNTHETIC,SYN_CRM_0204,SYN_ATM_0815,5,6,25700.0,2.1,0.68,9,30,8.6,57.0,1
SYNTHETIC,SYN_CRM_0204,SYN_ATM_0816,5,6,25700.0,0.15,0.21,0,2,2.8,2.9,0
SYNTHETIC,SYN_CRM_0205,SYN_ATM_0817,5,4,43900.0,10.64,0.17,0,5,1.7,6.6,0
SYNTHETIC,SYN_CRM_0205,SYN_ATM_0818,5,4,43900.0,4.36,0.35,4,27,5.4,32.0,0
SYNTHETIC,SYN_CRM_0205,SYN_ATM_0819,5,4,43900.0,1.87,0.11,1,2,0.4,5.7,0
SYNTHETIC,SYN_CRM_0205,SYN_ATM_0820,5,4,43900.0,1.23,0.73,7,24,3.0,38.2,1
SYNTHETIC,SYN_CRM_0206,SYN_ATM_0821,2,2,402900.0,2.37,0.34,4,19,4.3,24.3,0
SYNTHETIC,SYN_CRM_0206,SYN_ATM_0822,2,2,402900.0,1.7,0.93,9,36,6.5,50.3,1
SYNTHETIC,SYN_CRM_0206,SYN_ATM_0823,2,2,402900.0,0.15,0.14,1,2,1.2,7.9,0
SYNTHETIC,SYN_CRM_0206,SYN_ATM_0824,2,2,402900.0,5.37,0.27,3,12,4.4,22.8,0
SYNTHETIC,SYN_CRM_0207,SYN_ATM_0825,14,6,9100.0,7.32,0.35,7,17,1.5,32.2,0
SYNTHETIC,SYN_CRM_0207,SYN_ATM_0826,14,6,9100.0,15.51,0.5,1,10,2.8,14.6,0
SYNTHETIC,SYN_CRM_0207,SYN_ATM_0827,14,6,9100.0,1.8,0.74,10,25,9.9,44.8,1
SYNTHETIC,SYN_CRM_0207,SYN_ATM_0828,14,6,9100.0,1.6,0.19,1,2,1.6,7.7,0
SYNTHETIC,SYN_CRM_0208,SYN_ATM_0829,22,5,38200.0,1.57,0.96,7,37,6.3,44.5,1
SYNTHETIC,SYN_CRM_0208,SYN_ATM_0830,22,5,38200.0,10.11,0.34,1,6,0.2,13.8,0
SYNTHETIC,SYN_CRM_0208,SYN_ATM_0831,22,5,38200.0,8.1,0.25,0,2,2.8,2.7,0
SYNTHETIC,SYN_CRM_0208,SYN_ATM_0832,22,5,38200.0,8.97,0.59,7,19,5.5,27.0,0
SYNTHETIC,SYN_CRM_0209,SYN_ATM_0833,6,6,197500.0,6.4,0.3,0,10,1.3,12.7,0
SYNTHETIC,SYN_CRM_0209,SYN_ATM_0834,6,6,197500.0,5.89,0.36,0,4,1.7,10.7,0
SYNTHETIC,SYN_CRM_0209,SYN_ATM_0835,6,6,197500.0,1.37,0.68,6,21,4.6,28.9,1
SYNTHETIC,SYN_CRM_0209,SYN_ATM_0836,6,6,197500.0,1.67,0.11,0,3,2.7,8.6,0
SYNTHETIC,SYN_CRM_0210,SYN_ATM_0837,21,6,158800.0,0.76,0.26,0,2,4.0,9.8,0
SYNTHETIC,SYN_CRM_0210,SYN_ATM_0838,21,6,158800.0,12.28,0.26,2,9,2.9,11.1,0
SYNTHETIC,SYN_CRM_0210,SYN_ATM_0839,21,6,158800.0,1.55,0.86,1,18,8.2,35.4,1
SYNTHETIC,SYN_CRM_0210,SYN_ATM_0840,21,6,158800.0,4.54,0.31,2,10,3.8,22.2,0
SYNTHETIC,SYN_CRM_0211,SYN_ATM_0841,15,6,9800.0,0.35,0.66,9,32,10.5,49.4,1
SYNTHETIC,SYN_CRM_0211,SYN_ATM_0842,15,6,9800.0,1.95,0.52,2,10,1.2,12.1,0
SYNTHETIC,SYN_CRM_0211,SYN_ATM_0843,15,6,9800.0,5.67,0.12,0,10,3.2,22.2,0
SYNTHETIC,SYN_CRM_0211,SYN_ATM_0844,15,6,9800.0,5.2,0.1,2,8,1.2,10.5,0
SYNTHETIC,SYN_CRM_0212,SYN_ATM_0845,12,5,46500.0,1.48,0.83,8,36,7.3,58.5,1
SYNTHETIC,SYN_CRM_0212,SYN_ATM_0846,12,5,46500.0,17.58,0.28,1,8,0.7,11.0,0
SYNTHETIC,SYN_CRM_0212,SYN_ATM_0847,12,5,46500.0,0.43,0.26,2,2,2.6,3.5,0
SYNTHETIC,SYN_CRM_0212,SYN_ATM_0848,12,5,46500.0,7.19,0.84,8,22,2.5,35.2,0
SYNTHETIC,SYN_CRM_0213,SYN_ATM_0849,22,3,2200.0,1.62,0.78,9,42,8.1,61.8,1
SYNTHETIC,SYN_CRM_0213,SYN_ATM_0850,22,3,2200.0,1.91,0.23,0,1,2.3,6.5,0
SYNTHETIC,SYN_CRM_0213,SYN_ATM_0851,22,3,2200.0,7.28,0.72,3,16,3.3,32.6,0
SYNTHETIC,SYN_CRM_0213,SYN_ATM_0852,22,3,2200.0,14.47,0.19,3,6,2.7,10.7,0
SYNTHETIC,SYN_CRM_0214,SYN_ATM_0853,9,4,154200.0,4.8,0.25,4,17,3.4,27.6,0
SYNTHETIC,SYN_CRM_0214,SYN_ATM_0854,9,4,154200.0,1.57,0.4,1,5,4.9,9.6,0
SYNTHETIC,SYN_CRM_0214,SYN_ATM_0855,9,4,154200.0,0.1,0.69,10,35,7.1,44.8,1
SYNTHETIC,SYN_CRM_0214,SYN_ATM_0856,9,4,154200.0,2.58,0.32,3,13,0.8,19.2,0
SYNTHETIC,SYN_CRM_0215,SYN_ATM_0857,17,2,15600.0,7.77,0.57,7,23,3.6,36.7,0
SYNTHETIC,SYN_CRM_0215,SYN_ATM_0858,17,2,15600.0,2.52,0.25,3,15,1.1,24.8,0
SYNTHETIC,SYN_CRM_0215,SYN_ATM_0859,17,2,15600.0,3.76,0.34,4,17,1.7,20.9,0
SYNTHETIC,SYN_CRM_0215,SYN_ATM_0860,17,2,15600.0,5.61,0.31,2,13,3.3,15.7,0
SYNTHETIC,SYN_CRM_0216,SYN_ATM_0861,13,1,46800.0,0.6,0.19,2,3,2.4,10.5,0
SYNTHETIC,SYN_CRM_0216,SYN_ATM_0862,13,1,46800.0,9.25,0.84,6,24,3.7,37.7,0
SYNTHETIC,SYN_CRM_0216,SYN_ATM_0863,13,1,46800.0,7.7,0.04,2,2,2.1,11.5,0
SYNTHETIC,SYN_CRM_0216,SYN_ATM_0864,13,1,46800.0,1.29,0.49,7,25,10.6,31.9,1
SYNTHETIC,SYN_CRM_0217,SYN_ATM_0865,16,0,27100.0,4.0,0.6,8,34,5.5,50.3,0
SYNTHETIC,SYN_CRM_0217,SYN_ATM_0866,16,0,27100.0,11.54,0.27,2,9,0.7,17.8,0
SYNTHETIC,SYN_CRM_0217,SYN_ATM_0867,16,0,27100.0,0.31,0.81,6,30,2.7,51.3,1
SYNTHETIC,SYN_CRM_0217,SYN_ATM_0868,16,0,27100.0,0.51,0.21,0,4,1.2,7.9,0
SYNTHETIC,SYN_CRM_0218,SYN_ATM_0869,20,2,13200.0,6.34,0.3,1,6,3.4,14.7,0
SYNTHETIC,SYN_CRM_0218,SYN_ATM_0870,20,2,13200.0,0.25,0.06,0,1,1.6,2.4,0
SYNTHETIC,SYN_CRM_0218,SYN_ATM_0871,20,2,13200.0,1.79,0.32,1,3,2.2,7.1,0
SYNTHETIC,SYN_CRM_0218,SYN_ATM_0872,20,2,13200.0,0.91,0.78,12,32,6.2,36.5,1
SYNTHETIC,SYN_CRM_0219,SYN_ATM_0873,19,1,180700.0,1.43,0.54,10,33,6.3,47.5,1
SYNTHETIC,SYN_CRM_0219,SYN_ATM_0874,19,1,180700.0,7.59,0.66,5,23,3.1,27.5,0
SYNTHETIC,SYN_CRM_0219,SYN_ATM_0875,19,1,180700.0,11.02,0.29,2,5,2.3,11.3,0
SYNTHETIC,SYN_CRM_0219,SYN_ATM_0876,19,1,180700.0,8.84,0.63,4,23,4.3,32.2,0
SYNTHETIC,SYN_CRM_0220,SYN_ATM_0877,11,3,469900.0,3.0,0.3,1,11,3.1,18.3,0
SYNTHETIC,SYN_CRM_0220,SYN_ATM_0878,11,3,469900.0,1.26,0.59,7,32,8.1,57.3,1
SYNTHETIC,SYN_CRM_0220,SYN_ATM_0879,11,3,469900.0,14.17,0.18,3,9,1.6,13.4,0
SYNTHETIC,SYN_CRM_0220,SYN_ATM_0880,11,3,469900.0,6.84,0.17,2,6,1.1,15.9,0
SYNTHETIC,SYN_CRM_0221,SYN_ATM_0881,19,4,488400.0,1.88,0.72,7,29,7.6,55.4,1
SYNTHETIC,SYN_CRM_0221,SYN_ATM_0882,19,4,488400.0,7.99,0.36,4,23,2.4,35.5,0
SYNTHETIC,SYN_CRM_0221,SYN_ATM_0883,19,4,488400.0,1.16,0.2,0,3,2.4,4.4,0
SYNTHETIC,SYN_CRM_0221,SYN_ATM_0884,19,4,488400.0,12.55,0.14,0,7,1.3,16.6,0
SYNTHETIC,SYN_CRM_0222,SYN_ATM_0885,11,5,390600.0,1.23,0.33,1,6,2.2,13.4,0
SYNTHETIC,SYN_CRM_0222,SYN_ATM_0886,11,5,390600.0,8.77,0.35,1,6,1.0,8.1,0
SYNTHETIC,SYN_CRM_0222,SYN_ATM_0887,11,5,390600.0,1.09,0.1,1,7,2.1,11.5,0
SYNTHETIC,SYN_CRM_0222,SYN_ATM_0888,11,5,390600.0,2.98,0.42,5,21,1.9,27.2,0
SYNTHETIC,SYN_CRM_0223,SYN_ATM_0889,16,3,15800.0,1.58,0.82,10,31,6.9,51.3,1
SYNTHETIC,SYN_CRM_0223,SYN_ATM_0890,16,3,15800.0,0.15,0.26,0,1,4.4,3.2,0
SYNTHETIC,SYN_CRM_0223,SYN_ATM_0891,16,3,15800.0,4.9,0.36,3,12,1.2,25.8,0
SYNTHETIC,SYN_CRM_0223,SYN_ATM_0892,16,3,15800.0,1.34,0.26,0,3,3.1,5.0,0
SYNTHETIC,SYN_CRM_0224,SYN_ATM_0893,18,5,147800.0,2.7,0.35,0,3,3.9,9.9,0
SYNTHETIC,SYN_CRM_0224,SYN_ATM_0894,18,5,147800.0,0.54,0.99,7,20,7.6,40.3,1
SYNTHETIC,SYN_CRM_0224,SYN_ATM_0895,18,5,147800.0,6.08,0.37,1,12,2.3,24.1,0
SYNTHETIC,SYN_CRM_0224,SYN_ATM_0896,18,5,147800.0,6.25,0.7,2,18,5.5,21.7,0
SYNTHETIC,SYN_CRM_0225,SYN_ATM_0897,18,0,45200.0,0.61,0.8,5,32,9.6,52.5,1
SYNTHETIC,SYN_CRM_0225,SYN_ATM_0898,18,0,45200.0,4.43,0.44,3,14,2.7,23.3,0
SYNTHETIC,SYN_CRM_0225,SYN_ATM_0899,18,0,45200.0,8.86,0.23,0,6,2.2,11.0,0
SYNTHETIC,SYN_CRM_0225,SYN_ATM_0900,18,0,45200.0,3.55,0.48,2,11,1.2,13.4,0
SYNTHETIC,SYN_CRM_0226,SYN_ATM_0901,16,3,155000.0,2.64,0.67,15,33,3.6,38.5,1
SYNTHETIC,SYN_CRM_0226,SYN_ATM_0902,16,3,155000.0,2.04,0.53,2,12,3.7,14.2,0
SYNTHETIC,SYN_CRM_0226,SYN_ATM_0903,16,3,155000.0,11.41,0.13,1,9,0.9,15.4,0
SYNTHETIC,SYN_CRM_0226,SYN_ATM_0904,16,3,155000.0,4.69,0.44,5,19,4.6,31.8,0
SYNTHETIC,SYN_CRM_0227,SYN_ATM_0905,17,0,39700.0,2.2,0.74,6,31,3.4,47.2,1
SYNTHETIC,SYN_CRM_0227,SYN_ATM_0906,17,0,39700.0,7.27,0.39,6,25,4.5,28.7,0
SYNTHETIC,SYN_CRM_0227,SYN_ATM_0907,17,0,39700.0,6.19,0.15,0,2,1.1,3.9,0
SYNTHETIC,SYN_CRM_0227,SYN_ATM_0908,17,0,39700.0,6.43,0.49,8,23,3.4,35.9,0
SYNTHETIC,SYN_CRM_0228,SYN_ATM_0909,8,1,70100.0,11.54,0.55,6,24,4.4,37.4,0
SYNTHETIC,SYN_CRM_0228,SYN_ATM_0910,8,1,70100.0,10.64,0.48,3,17,1.5,24.5,0
SYNTHETIC,SYN_CRM_0228,SYN_ATM_0911,8,1,70100.0,12.04,0.76,4,26,5.8,39.4,0
SYNTHETIC,SYN_CRM_0228,SYN_ATM_0912,8,1,70100.0,0.62,0.63,4,27,7.1,50.6,1
SYNTHETIC,SYN_CRM_0229,SYN_ATM_0913,19,3,31100.0,8.55,0.6,7,25,5.2,39.5,0
SYNTHETIC,SYN_CRM_0229,SYN_ATM_0914,19,3,31100.0,13.49,0.29,2,13,1.7,20.3,0
SYNTHETIC,SYN_CRM_0229,SYN_ATM_0915,19,3,31100.0,6.52,0.55,6,23,7.3,36.2,0
SYNTHETIC,SYN_CRM_0229,SYN_ATM_0916,19,3,31100.0,7.73,0.6,7,21,3.4,27.6,0
SYNTHETIC,SYN_CRM_0230,SYN_ATM_0917,19,5,11500.0,5.27,0.4,2,13,5.0,19.2,0
SYNTHETIC,SYN_CRM_0230,SYN_ATM_0918,19,5,11500.0,2.13,0.27,2,6,2.4,7.9,0
SYNTHETIC,SYN_CRM_0230,SYN_ATM_0919,19,5,11500.0,8.55,0.46,7,30,6.9,47.5,0
SYNTHETIC,SYN_CRM_0230,SYN_ATM_0920,19,5,11500.0,0.12,0.79,13,39,5.9,58.9,1
SYNTHETIC,SYN_CRM_0231,SYN_ATM_0921,5,4,72900.0,5.85,0.61,8,23,2.5,30.0,0
SYNTHETIC,SYN_CRM_0231,SYN_ATM_0922,5,4,72900.0,5.15,0.74,7,24,3.2,30.0,0
SYNTHETIC,SYN_CRM_0231,SYN_ATM_0923,5,4,72900.0,1.56,0.61,16,23,5.3,36.0,1
SYNTHETIC,SYN_CRM_0231,SYN_ATM_0924,5,4,72900.0,0.59,0.23,0,4,2.8,8.9,0
SYNTHETIC,SYN_CRM_0232,SYN_ATM_0925,14,4,47100.0,3.9,0.48,4,11,3.5,13.5,0
SYNTHETIC,SYN_CRM_0232,SYN_ATM_0926,14,4,47100.0,3.38,0.2,4,6,3.0,8.7,0
SYNTHETIC,SYN_CRM_0232,SYN_ATM_0927,14,4,47100.0,1.28,0.74,12,31,7.2,54.6,1
SYNTHETIC,SYN_CRM_0232,SYN_ATM_0928,14,4,47100.0,2.0,0.18,4,7,4.2,13.1,0
SYNTHETIC,SYN_CRM_0233,SYN_ATM_0929,18,2,7400.0,5.6,0.19,3,21,4.8,33.3,0
SYNTHETIC,SYN_CRM_0233,SYN_ATM_0930,18,2,7400.0,8.97,0.21,1,10,1.0,15.7,0
SYNTHETIC,SYN_CRM_0233,SYN_ATM_0931,18,2,7400.0,8.9,0.46,8,13,6.9,22.3,0
SYNTHETIC,SYN_CRM_0233,SYN_ATM_0932,18,2,7400.0,1.82,0.47,11,34,8.3,59.0,1
SYNTHETIC,SYN_CRM_0234,SYN_ATM_0933,11,5,16600.0,4.72,0.3,0,4,1.7,9.9,0
SYNTHETIC,SYN_CRM_0234,SYN_ATM_0934,11,5,16600.0,13.55,0.41,3,8,3.5,16.1,0
SYNTHETIC,SYN_CRM_0234,SYN_ATM_0935,11,5,16600.0,1.88,0.63,12,36,5.2,49.3,1
SYNTHETIC,SYN_CRM_0234,SYN_ATM_0936,11,5,16600.0,7.71,0.41,4,17,7.8,22.6,0
SYNTHETIC,SYN_CRM_0235,SYN_ATM_0937,17,1,14400.0,12.18,0.16,2,4,1.8,8.0,0
SYNTHETIC,SYN_CRM_0235,SYN_ATM_0938,17,1,14400.0,0.98,0.84,12,30,6.9,57.8,1
SYNTHETIC,SYN_CRM_0235,SYN_ATM_0939,17,1,14400.0,4.9,0.31,3,10,0.2,13.4,0
SYNTHETIC,SYN_CRM_0235,SYN_ATM_0940,17,1,14400.0,7.42,0.33,2,10,2.5,14.0,0
SYNTHETIC,SYN_CRM_0236,SYN_ATM_0941,18,3,20400.0,1.53,0.55,13,28,6.8,43.1,1
SYNTHETIC,SYN_CRM_0236,SYN_ATM_0942,18,3,20400.0,7.93,0.35,2,6,2.3,14.5,0
SYNTHETIC,SYN_CRM_0236,SYN_ATM_0943,18,3,20400.0,2.34,0.51,2,14,3.8,20.9,0
SYNTHETIC,SYN_CRM_0236,SYN_ATM_0944,18,3,20400.0,11.13,0.46,9,29,2.1,32.7,0
SYNTHETIC,SYN_CRM_0237,SYN_ATM_0945,21,1,57700.0,0.74,0.51,13,44,7.3,71.9,1
SYNTHETIC,SYN_CRM_0237,SYN_ATM_0946,21,1,57700.0,9.31,0.37,1,9,2.5,11.9,0
SYNTHETIC,SYN_CRM_0237,SYN_ATM_0947,21,1,57700.0,7.05,0.59,2,12,3.3,27.8,0
SYNTHETIC,SYN_CRM_0237,SYN_ATM_0948,21,1,57700.0,10.81,0.65,7,21,4.3,35.2,0
SYNTHETIC,SYN_CRM_0238,SYN_ATM_0949,14,0,13800.0,12.13,0.04,1,8,1.7,13.6,0
SYNTHETIC,SYN_CRM_0238,SYN_ATM_0950,14,0,13800.0,9.23,0.79,5,18,5.5,26.4,0
SYNTHETIC,SYN_CRM_0238,SYN_ATM_0951,14,0,13800.0,14.19,0.26,3,11,1.9,17.6,0
SYNTHETIC,SYN_CRM_0238,SYN_ATM_0952,14,0,13800.0,0.1,0.66,7,33,2.4,38.3,1
SYNTHETIC,SYN_CRM_0239,SYN_ATM_0953,0,6,32100.0,10.26,0.22,1,6,3.3,15.6,0
SYNTHETIC,SYN_CRM_0239,SYN_ATM_0954,0,6,32100.0,0.87,0.94,7,19,9.1,24.1,1
SYNTHETIC,SYN_CRM_0239,SYN_ATM_0955,0,6,32100.0,8.88,0.47,3,24,2.6,33.4,0
SYNTHETIC,SYN_CRM_0239,SYN_ATM_0956,0,6,32100.0,8.21,0.3,3,8,2.1,8.6,0
SYNTHETIC,SYN_CRM_0240,SYN_ATM_0957,9,1,16700.0,11.98,0.15,0,10,1.7,18.0,0
SYNTHETIC,SYN_CRM_0240,SYN_ATM_0958,9,1,16700.0,4.36,0.29,4,15,2.7,24.4,0
SYNTHETIC,SYN_CRM_0240,SYN_ATM_0959,9,1,16700.0,0.1,0.93,8,35,7.0,55.5,1
SYNTHETIC,SYN_CRM_0240,SYN_ATM_0960,9,1,16700.0,6.77,0.35,6,16,2.7,23.1,0
SYNTHETIC,SYN_CRM_0241,SYN_ATM_0961,15,5,55200.0,4.42,0.06,3,8,1.1,9.1,0
SYNTHETIC,SYN_CRM_0241,SYN_ATM_0962,15,5,55200.0,4.53,0.56,6,23,5.1,39.9,0
SYNTHETIC,SYN_CRM_0241,SYN_ATM_0963,15,5,55200.0,2.64,0.15,1,2,2.1,6.4,0
SYNTHETIC,SYN_CRM_0241,SYN_ATM_0964,15,5,55200.0,2.51,0.31,5,16,2.3,21.6,0
SYNTHETIC,SYN_CRM_0242,SYN_ATM_0965,10,4,18500.0,4.15,0.29,2,14,4.1,16.3,0
SYNTHETIC,SYN_CRM_0242,SYN_ATM_0966,10,4,18500.0,11.22,0.62,11,26,4.0,30.9,0
SYNTHETIC,SYN_CRM_0242,SYN_ATM_0967,10,4,18500.0,4.07,0.16,3,5,1.9,7.1,0
SYNTHETIC,SYN_CRM_0242,SYN_ATM_0968,10,4,18500.0,11.1,0.09,1,10,2.2,19.7,0
SYNTHETIC,SYN_CRM_0243,SYN_ATM_0969,9,6,89600.0,9.33,0.71,5,22,1.6,36.9,0
SYNTHETIC,SYN_CRM_0243,SYN_ATM_0970,9,6,89600.0,3.59,0.06,1,1,2.8,7.2,0
SYNTHETIC,SYN_CRM_0243,SYN_ATM_0971,9,6,89600.0,9.14,0.14,2,4,0.6,5.2,0
SYNTHETIC,SYN_CRM_0243,SYN_ATM_0972,9,6,89600.0,12.59,0.16,1,6,1.7,11.3,0
SYNTHETIC,SYN_CRM_0244,SYN_ATM_0973,18,3,44900.0,5.37,0.9,8,27,7.2,44.0,0
SYNTHETIC,SYN_CRM_0244,SYN_ATM_0974,18,3,44900.0,9.42,0.24,2,2,0.2,5.8,0
SYNTHETIC,SYN_CRM_0244,SYN_ATM_0975,18,3,44900.0,0.85,0.53,10,26,6.3,35.9,1
SYNTHETIC,SYN_CRM_0244,SYN_ATM_0976,18,3,44900.0,9.73,0.7,5,20,3.5,33.0,0
SYNTHETIC,SYN_CRM_0245,SYN_ATM_0977,8,4,60900.0,10.1,0.06,1,1,2.4,6.4,0
SYNTHETIC,SYN_CRM_0245,SYN_ATM_0978,8,4,60900.0,0.32,0.78,11,28,8.8,39.3,1
SYNTHETIC,SYN_CRM_0245,SYN_ATM_0979,8,4,60900.0,3.7,0.27,4,18,2.7,20.6,0
SYNTHETIC,SYN_CRM_0245,SYN_ATM_0980,8,4,60900.0,0.5,0.21,2,8,1.5,15.5,0
SYNTHETIC,SYN_CRM_0246,SYN_ATM_0981,13,2,5000.0,2.08,0.81,9,31,3.8,44.0,1
SYNTHETIC,SYN_CRM_0246,SYN_ATM_0982,13,2,5000.0,0.91,0.22,2,5,3.2,11.6,0
SYNTHETIC,SYN_CRM_0246,SYN_ATM_0983,13,2,5000.0,11.39,0.25,0,8,1.6,14.5,0
SYNTHETIC,SYN_CRM_0246,SYN_ATM_0984,13,2,5000.0,0.93,0.24,1,7,2.0,9.6,0
SYNTHETIC,SYN_CRM_0247,SYN_ATM_0985,12,4,49100.0,2.18,0.81,10,35,9.6,51.5,1
SYNTHETIC,SYN_CRM_0247,SYN_ATM_0986,12,4,49100.0,9.39,0.04,1,1,0.2,6.0,0
SYNTHETIC,SYN_CRM_0247,SYN_ATM_0987,12,4,49100.0,5.83,0.64,1,22,9.0,35.0,0
SYNTHETIC,SYN_CRM_0247,SYN_ATM_0988,12,4,49100.0,4.0,0.7,5,23,4.7,32.9,0
SYNTHETIC,SYN_CRM_0248,SYN_ATM_0989,18,5,191000.0,1.49,0.64,3,18,5.6,37.8,1
SYNTHETIC,SYN_CRM_0248,SYN_ATM_0990,18,5,191000.0,10.55,0.5,12,27,4.7,42.2,0
SYNTHETIC,SYN_CRM_0248,SYN_ATM_0991,18,5,191000.0,8.87,0.25,0,1,1.9,5.3,0
SYNTHETIC,SYN_CRM_0248,SYN_ATM_0992,18,5,191000.0,1.77,0.28,3,4,3.1,11.9,0
SYNTHETIC,SYN_CRM_0249,SYN_ATM_0993,20,0,115300.0,6.37,0.22,2,10,3.0,21.9,0
SYNTHETIC,SYN_CRM_0249,SYN_ATM_0994,20,0,115300.0,1.1,0.99,2,27,6.7,53.9,1
SYNTHETIC,SYN_CRM_0249,SYN_ATM_0995,20,0,115300.0,6.19,0.55,11,26,6.0,43.9,0
SYNTHETIC,SYN_CRM_0249,SYN_ATM_0996,20,0,115300.0,8.06,0.31,1,8,1.3,15.3,0
SYNTHETIC,SYN_CRM_0250,SYN_ATM_0997,17,5,4400.0,7.18,0.04,1,3,3.0,7.1,0
SYNTHETIC,SYN_CRM_0250,SYN_ATM_0998,17,5,4400.0,0.72,0.19,0,1,1.4,7.9,0
SYNTHETIC,SYN_CRM_0250,SYN_ATM_0999,17,5,4400.0,4.62,0.43,3,12,3.5,22.8,0
SYNTHETIC,SYN_CRM_0250,SYN_ATM_1000,17,5,4400.0,0.1,0.82,15,23,8.1,40.8,1
SYNTHETIC,SYN_CRM_0251,SYN_ATM_1001,0,0,102800.0,5.51,0.74,3,16,4.8,24.9,0
SYNTHETIC,SYN_CRM_0251,SYN_ATM_1002,0,0,102800.0,6.94,0.5,10,23,4.4,33.5,0
SYNTHETIC,SYN_CRM_0251,SYN_ATM_1003,0,0,102800.0,6.87,0.53,2,16,2.7,23.6,0
SYNTHETIC,SYN_CRM_0251,SYN_ATM_1004,0,0,102800.0,0.19,0.79,15,37,6.7,52.5,1
SYNTHETIC,SYN_CRM_0252,SYN_ATM_1005,20,3,78000.0,8.21,0.04,1,5,2.2,12.9,0
SYNTHETIC,SYN_CRM_0252,SYN_ATM_1006,20,3,78000.0,1.5,0.36,4,6,2.1,9.5,0
SYNTHETIC,SYN_CRM_0252,SYN_ATM_1007,20,3,78000.0,1.79,0.74,11,29,4.7,34.7,1
SYNTHETIC,SYN_CRM_0252,SYN_ATM_1008,20,3,78000.0,2.05,0.16,0,1,4.9,2.2,0
SYNTHETIC,SYN_CRM_0253,SYN_ATM_1009,11,6,176600.0,8.7,0.65,4,22,3.8,36.2,0
SYNTHETIC,SYN_CRM_0253,SYN_ATM_1010,11,6,176600.0,1.84,0.34,0,2,2.6,9.9,0
SYNTHETIC,SYN_CRM_0253,SYN_ATM_1011,11,6,176600.0,2.13,0.99,12,37,3.2,64.4,1
SYNTHETIC,SYN_CRM_0253,SYN_ATM_1012,11,6,176600.0,8.86,0.51,0,2,2.4,11.7,0
SYNTHETIC,SYN_CRM_0254,SYN_ATM_1013,17,3,27100.0,2.52,0.16,2,6,1.3,12.3,0
SYNTHETIC,SYN_CRM_0254,SYN_ATM_1014,17,3,27100.0,2.39,0.31,2,9,2.3,12.0,0
SYNTHETIC,SYN_CRM_0254,SYN_ATM_1015,17,3,27100.0,1.8,0.8,6,37,5.6,54.7,1
SYNTHETIC,SYN_CRM_0254,SYN_ATM_1016,17,3,27100.0,10.1,0.21,2,10,0.2,16.6,0
SYNTHETIC,SYN_CRM_0255,SYN_ATM_1017,14,4,7900.0,7.24,0.45,2,16,5.4,31.6,0
SYNTHETIC,SYN_CRM_0255,SYN_ATM_1018,14,4,7900.0,1.05,0.47,6,18,5.9,27.0,1
SYNTHETIC,SYN_CRM_0255,SYN_ATM_1019,14,4,7900.0,2.58,0.32,1,3,2.5,3.8,0
SYNTHETIC,SYN_CRM_0255,SYN_ATM_1020,14,4,7900.0,1.63,0.18,1,8,2.1,9.1,0
SYNTHETIC,SYN_CRM_0256,SYN_ATM_1021,7,2,52700.0,1.1,0.76,7,27,11.1,34.4,1
SYNTHETIC,SYN_CRM_0256,SYN_ATM_1022,7,2,52700.0,10.98,0.46,9,25,7.4,35.7,0
SYNTHETIC,SYN_CRM_0256,SYN_ATM_1023,7,2,52700.0,1.27,0.18,1,5,3.1,6.5,0
SYNTHETIC,SYN_CRM_0256,SYN_ATM_1024,7,2,52700.0,0.96,0.14,1,2,2.0,6.6,0
SYNTHETIC,SYN_CRM_0257,SYN_ATM_1025,10,5,320000.0,1.81,0.18,2,5,2.9,10.3,0
SYNTHETIC,SYN_CRM_0257,SYN_ATM_1026,10,5,320000.0,2.52,0.08,0,3,1.9,9.7,0
SYNTHETIC,SYN_CRM_0257,SYN_ATM_1027,10,5,320000.0,0.6,0.95,16,38,2.9,54.8,1
SYNTHETIC,SYN_CRM_0257,SYN_ATM_1028,10,5,320000.0,2.03,0.13,2,8,3.0,14.3,0
SYNTHETIC,SYN_CRM_0258,SYN_ATM_1029,8,6,20600.0,12.5,0.78,9,22,5.4,32.3,0
SYNTHETIC,SYN_CRM_0258,SYN_ATM_1030,8,6,20600.0,2.32,0.51,12,27,6.2,45.6,1
SYNTHETIC,SYN_CRM_0258,SYN_ATM_1031,8,6,20600.0,6.23,0.63,4,13,2.3,21.1,0
SYNTHETIC,SYN_CRM_0258,SYN_ATM_1032,8,6,20600.0,0.15,0.26,1,5,1.5,9.4,0
SYNTHETIC,SYN_CRM_0259,SYN_ATM_1033,8,1,12200.0,1.41,0.32,0,7,2.3,11.3,0
SYNTHETIC,SYN_CRM_0259,SYN_ATM_1034,8,1,12200.0,9.01,0.04,3,4,2.5,7.4,0
SYNTHETIC,SYN_CRM_0259,SYN_ATM_1035,8,1,12200.0,2.17,0.46,11,35,5.3,56.5,1
SYNTHETIC,SYN_CRM_0259,SYN_ATM_1036,8,1,12200.0,4.83,0.39,3,8,3.5,15.7,0
SYNTHETIC,SYN_CRM_0260,SYN_ATM_1037,20,3,191900.0,13.23,0.58,3,11,3.7,25.2,0
SYNTHETIC,SYN_CRM_0260,SYN_ATM_1038,20,3,191900.0,0.23,0.16,1,8,0.7,15.6,0
SYNTHETIC,SYN_CRM_0260,SYN_ATM_1039,20,3,191900.0,5.84,0.27,2,17,1.8,29.5,0
SYNTHETIC,SYN_CRM_0260,SYN_ATM_1040,20,3,191900.0,0.87,0.62,15,43,6.6,59.3,1
SYNTHETIC,SYN_CRM_0261,SYN_ATM_1041,22,3,30200.0,5.97,0.34,2,17,6.1,24.0,0
SYNTHETIC,SYN_CRM_0261,SYN_ATM_1042,22,3,30200.0,13.06,0.15,4,6,0.9,15.6,0
SYNTHETIC,SYN_CRM_0261,SYN_ATM_1043,22,3,30200.0,12.59,0.38,2,19,6.6,28.9,0
SYNTHETIC,SYN_CRM_0261,SYN_ATM_1044,22,3,30200.0,9.62,0.3,1,3,2.1,3.6,0
SYNTHETIC,SYN_CRM_0262,SYN_ATM_1045,13,1,11300.0,1.17,0.71,7,22,7.0,34.7,1
SYNTHETIC,SYN_CRM_0262,SYN_ATM_1046,13,1,11300.0,4.77,0.28,5,14,2.9,21.0,0
SYNTHETIC,SYN_CRM_0262,SYN_ATM_1047,13,1,11300.0,9.49,0.21,0,7,2.7,8.8,0
SYNTHETIC,SYN_CRM_0262,SYN_ATM_1048,13,1,11300.0,9.31,0.56,2,7,4.6,24.4,0
SYNTHETIC,SYN_CRM_0263,SYN_ATM_1049,23,0,53000.0,8.47,0.3,5,24,1.5,28.6,0
SYNTHETIC,SYN_CRM_0263,SYN_ATM_1050,23,0,53000.0,0.52,0.74,12,41,7.1,63.4,1
SYNTHETIC,SYN_CRM_0263,SYN_ATM_1051,23,0,53000.0,8.23,0.13,1,4,3.1,9.1,0
SYNTHETIC,SYN_CRM_0263,SYN_ATM_1052,23,0,53000.0,5.0,0.37,2,11,3.8,22.1,0
SYNTHETIC,SYN_CRM_0264,SYN_ATM_1053,20,5,69200.0,0.85,0.56,19,33,9.6,42.5,1
SYNTHETIC,SYN_CRM_0264,SYN_ATM_1054,20,5,69200.0,7.04,0.55,2,6,2.3,12.4,0
SYNTHETIC,SYN_CRM_0264,SYN_ATM_1055,20,5,69200.0,12.61,0.26,3,8,1.2,13.1,0
SYNTHETIC,SYN_CRM_0264,SYN_ATM_1056,20,5,69200.0,10.25,0.51,5,25,3.1,33.3,0
SYNTHETIC,SYN_CRM_0265,SYN_ATM_1057,13,2,254500.0,3.0,0.26,2,10,2.1,13.4,0
SYNTHETIC,SYN_CRM_0265,SYN_ATM_1058,13,2,254500.0,8.53,0.36,2,5,1.7,12.5,0
SYNTHETIC,SYN_CRM_0265,SYN_ATM_1059,13,2,254500.0,0.32,0.91,9,28,4.8,41.2,1
SYNTHETIC,SYN_CRM_0265,SYN_ATM_1060,13,2,254500.0,3.67,0.5,4,17,4.5,29.9,0
SYNTHETIC,SYN_CRM_0266,SYN_ATM_1061,17,1,10000.0,4.0,0.62,5,25,3.3,38.7,0
SYNTHETIC,SYN_CRM_0266,SYN_ATM_1062,17,1,10000.0,5.62,0.38,2,10,0.8,16.1,0
SYNTHETIC,SYN_CRM_0266,SYN_ATM_1063,17,1,10000.0,0.86,0.67,11,16,4.6,39.0,1
SYNTHETIC,SYN_CRM_0266,SYN_ATM_1064,17,1,10000.0,8.33,0.18,1,13,3.9,14.1,0
SYNTHETIC,SYN_CRM_0267,SYN_ATM_1065,23,1,127700.0,1.69,0.92,14,31,4.1,39.4,1
SYNTHETIC,SYN_CRM_0267,SYN_ATM_1066,23,1,127700.0,10.99,0.25,3,4,3.0,8.8,0
SYNTHETIC,SYN_CRM_0267,SYN_ATM_1067,23,1,127700.0,0.73,0.19,2,4,2.8,4.8,0
SYNTHETIC,SYN_CRM_0267,SYN_ATM_1068,23,1,127700.0,8.87,0.28,3,3,1.7,6.1,0
SYNTHETIC,SYN_CRM_0268,SYN_ATM_1069,19,5,496900.0,1.75,0.72,7,38,5.2,55.2,1
SYNTHETIC,SYN_CRM_0268,SYN_ATM_1070,19,5,496900.0,2.02,0.1,1,5,3.3,11.6,0
SYNTHETIC,SYN_CRM_0268,SYN_ATM_1071,19,5,496900.0,5.25,0.68,6,7,4.5,18.2,0
SYNTHETIC,SYN_CRM_0268,SYN_ATM_1072,19,5,496900.0,3.53,0.53,1,14,4.3,26.4,0
SYNTHETIC,SYN_CRM_0269,SYN_ATM_1073,17,4,46500.0,1.87,0.06,1,4,2.9,11.3,0
SYNTHETIC,SYN_CRM_0269,SYN_ATM_1074,17,4,46500.0,0.44,0.79,12,47,7.5,55.5,1
SYNTHETIC,SYN_CRM_0269,SYN_ATM_1075,17,4,46500.0,7.54,0.38,6,24,5.1,36.1,0
SYNTHETIC,SYN_CRM_0269,SYN_ATM_1076,17,4,46500.0,12.38,0.29,4,5,1.9,6.5,0
SYNTHETIC,SYN_CRM_0270,SYN_ATM_1077,15,5,81400.0,12.01,0.05,1,6,1.4,7.9,0
SYNTHETIC,SYN_CRM_0270,SYN_ATM_1078,15,5,81400.0,1.73,0.43,1,4,2.7,10.0,0
SYNTHETIC,SYN_CRM_0270,SYN_ATM_1079,15,5,81400.0,7.56,0.49,6,19,2.2,27.0,0
SYNTHETIC,SYN_CRM_0270,SYN_ATM_1080,15,5,81400.0,1.24,0.75,8,21,7.4,28.0,1
SYNTHETIC,SYN_CRM_0271,SYN_ATM_1081,20,0,26200.0,9.78,0.58,8,22,4.4,38.8,0
SYNTHETIC,SYN_CRM_0271,SYN_ATM_1082,20,0,26200.0,1.92,0.14,2,4,0.9,11.9,0
SYNTHETIC,SYN_CRM_0271,SYN_ATM_1083,20,0,26200.0,12.01,0.2,2,3,2.3,4.3,0
SYNTHETIC,SYN_CRM_0271,SYN_ATM_1084,20,0,26200.0,15.09,0.29,1,8,2.4,12.5,0
SYNTHETIC,SYN_CRM_0272,SYN_ATM_1085,21,5,69100.0,0.99,0.88,12,44,5.7,66.9,1
SYNTHETIC,SYN_CRM_0272,SYN_ATM_1086,21,5,69100.0,3.02,0.58,3,14,2.8,21.1,0
SYNTHETIC,SYN_CRM_0272,SYN_ATM_1087,21,5,69100.0,7.22,0.34,4,13,4.1,18.5,0
SYNTHETIC,SYN_CRM_0272,SYN_ATM_1088,21,5,69100.0,7.73,0.23,0,5,0.8,14.7,0
SYNTHETIC,SYN_CRM_0273,SYN_ATM_1089,16,5,68100.0,5.04,0.53,6,22,2.2,35.7,0
SYNTHETIC,SYN_CRM_0273,SYN_ATM_1090,16,5,68100.0,1.39,0.48,10,27,6.2,33.1,1
SYNTHETIC,SYN_CRM_0273,SYN_ATM_1091,16,5,68100.0,9.41,0.84,8,26,3.0,42.7,0
SYNTHETIC,SYN_CRM_0273,SYN_ATM_1092,16,5,68100.0,8.9,0.72,7,27,1.9,42.5,0
SYNTHETIC,SYN_CRM_0274,SYN_ATM_1093,16,3,69700.0,8.91,0.16,0,4,1.5,5.5,0
SYNTHETIC,SYN_CRM_0274,SYN_ATM_1094,16,3,69700.0,1.21,0.58,8,28,5.6,35.5,1
SYNTHETIC,SYN_CRM_0274,SYN_ATM_1095,16,3,69700.0,9.52,0.24,0,5,2.1,6.8,0
SYNTHETIC,SYN_CRM_0274,SYN_ATM_1096,16,3,69700.0,5.2,0.73,5,16,3.6,28.7,0
SYNTHETIC,SYN_CRM_0275,SYN_ATM_1097,0,0,17900.0,12.72,0.6,1,8,2.8,24.8,0
SYNTHETIC,SYN_CRM_0275,SYN_ATM_1098,0,0,17900.0,0.66,0.5,8,32,6.8,59.4,1
SYNTHETIC,SYN_CRM_0275,SYN_ATM_1099,0,0,17900.0,9.28,0.57,9,26,4.7,40.2,0
SYNTHETIC,SYN_CRM_0275,SYN_ATM_1100,0,0,17900.0,1.9,0.29,0,4,0.8,9.3,0
SYNTHETIC,SYN_CRM_0276,SYN_ATM_1101,20,1,8700.0,13.34,0.29,1,5,1.7,6.1,0
SYNTHETIC,SYN_CRM_0276,SYN_ATM_1102,20,1,8700.0,2.38,0.2,0,2,1.6,2.7,0
SYNTHETIC,SYN_CRM_0276,SYN_ATM_1103,20,1,8700.0,0.87,0.99,8,31,4.3,42.5,1
SYNTHETIC,SYN_CRM_0276,SYN_ATM_1104,20,1,8700.0,4.06,0.48,3,16,3.2,19.9,0
SYNTHETIC,SYN_CRM_0277,SYN_ATM_1105,19,5,27800.0,7.94,0.52,4,16,4.5,27.8,0
SYNTHETIC,SYN_CRM_0277,SYN_ATM_1106,19,5,27800.0,3.73,0.35,0,11,3.8,13.7,0
SYNTHETIC,SYN_CRM_0277,SYN_ATM_1107,19,5,27800.0,0.81,0.43,5,27,7.9,54.1,1
SYNTHETIC,SYN_CRM_0277,SYN_ATM_1108,19,5,27800.0,6.53,0.55,8,22,1.9,36.8,0
SYNTHETIC,SYN_CRM_0278,SYN_ATM_1109,12,2,192800.0,13.87,0.22,1,7,2.7,7.6,0
SYNTHETIC,SYN_CRM_0278,SYN_ATM_1110,12,2,192800.0,4.48,0.28,4,6,5.3,13.7,0
SYNTHETIC,SYN_CRM_0278,SYN_ATM_1111,12,2,192800.0,9.01,0.68,7,22,6.1,35.7,0
SYNTHETIC,SYN_CRM_0278,SYN_ATM_1112,12,2,192800.0,1.31,0.32,15,35,8.3,49.6,1
SYNTHETIC,SYN_CRM_0279,SYN_ATM_1113,21,0,346500.0,11.47,0.34,7,30,5.3,38.6,0
SYNTHETIC,SYN_CRM_0279,SYN_ATM_1114,21,0,346500.0,0.15,0.13,2,3,2.5,8.2,0
SYNTHETIC,SYN_CRM_0279,SYN_ATM_1115,21,0,346500.0,0.39,0.54,16,52,6.9,63.0,1
SYNTHETIC,SYN_CRM_0279,SYN_ATM_1116,21,0,346500.0,9.81,0.19,0,7,1.8,8.4,0
SYNTHETIC,SYN_CRM_0280,SYN_ATM_1117,14,5,69100.0,2.97,0.1,0,3,2.6,11.0,0
SYNTHETIC,SYN_CRM_0280,SYN_ATM_1118,14,5,69100.0,1.64,0.5,7,30,7.1,34.9,1
SYNTHETIC,SYN_CRM_0280,SYN_ATM_1119,14,5,69100.0,5.01,0.25,2,5,1.5,14.4,0
SYNTHETIC,SYN_CRM_0280,SYN_ATM_1120,14,5,69100.0,6.55,0.44,10,29,5.0,46.3,0
SYNTHETIC,SYN_CRM_0281,SYN_ATM_1121,18,2,30600.0,6.82,0.79,3,17,5.5,32.5,0
SYNTHETIC,SYN_CRM_0281,SYN_ATM_1122,18,2,30600.0,7.33,0.3,1,4,1.1,7.8,0
SYNTHETIC,SYN_CRM_0281,SYN_ATM_1123,18,2,30600.0,0.41,0.8,8,28,6.3,48.6,1
SYNTHETIC,SYN_CRM_0281,SYN_ATM_1124,18,2,30600.0,5.79,0.82,5,20,4.4,33.0,0
SYNTHETIC,SYN_CRM_0282,SYN_ATM_1125,17,2,178800.0,15.44,0.06,1,7,0.8,10.0,0
SYNTHETIC,SYN_CRM_0282,SYN_ATM_1126,17,2,178800.0,0.24,0.42,2,3,2.3,8.3,0
SYNTHETIC,SYN_CRM_0282,SYN_ATM_1127,17,2,178800.0,0.93,0.7,7,25,6.8,43.4,1
SYNTHETIC,SYN_CRM_0282,SYN_ATM_1128,17,2,178800.0,4.29,0.24,0,0,2.2,4.0,0
SYNTHETIC,SYN_CRM_0283,SYN_ATM_1129,12,2,350600.0,0.61,0.23,2,2,1.7,3.4,0
SYNTHETIC,SYN_CRM_0283,SYN_ATM_1130,12,2,350600.0,8.71,0.16,0,3,1.8,7.1,0
SYNTHETIC,SYN_CRM_0283,SYN_ATM_1131,12,2,350600.0,3.89,0.25,5,21,2.8,34.9,0
SYNTHETIC,SYN_CRM_0283,SYN_ATM_1132,12,2,350600.0,0.47,0.74,7,21,5.9,34.9,1
SYNTHETIC,SYN_CRM_0284,SYN_ATM_1133,15,6,145400.0,0.42,0.48,15,34,7.7,58.6,1
SYNTHETIC,SYN_CRM_0284,SYN_ATM_1134,15,6,145400.0,4.26,0.24,0,11,4.8,20.6,0
SYNTHETIC,SYN_CRM_0284,SYN_ATM_1135,15,6,145400.0,1.68,0.54,1,10,3.4,15.3,0
SYNTHETIC,SYN_CRM_0284,SYN_ATM_1136,15,6,145400.0,6.69,0.52,6,16,2.1,17.9,0
SYNTHETIC,SYN_CRM_0285,SYN_ATM_1137,1,6,69000.0,15.6,0.47,12,31,4.4,46.4,0
SYNTHETIC,SYN_CRM_0285,SYN_ATM_1138,1,6,69000.0,6.52,0.31,0,2,2.8,5.7,0
SYNTHETIC,SYN_CRM_0285,SYN_ATM_1139,1,6,69000.0,1.8,0.62,10,35,5.9,54.2,1
SYNTHETIC,SYN_CRM_0285,SYN_ATM_1140,1,6,69000.0,2.81,0.46,3,17,1.7,30.4,0
SYNTHETIC,SYN_CRM_0286,SYN_ATM_1141,9,0,2200.0,7.6,0.04,2,7,2.4,11.8,0
SYNTHETIC,SYN_CRM_0286,SYN_ATM_1142,9,0,2200.0,0.73,0.63,10,47,5.3,58.1,1
SYNTHETIC,SYN_CRM_0286,SYN_ATM_1143,9,0,2200.0,8.13,0.82,1,15,4.8,32.0,0
SYNTHETIC,SYN_CRM_0286,SYN_ATM_1144,9,0,2200.0,0.86,0.12,2,7,1.4,12.0,0
SYNTHETIC,SYN_CRM_0287,SYN_ATM_1145,6,2,30800.0,4.68,0.42,1,6,3.4,10.1,0
SYNTHETIC,SYN_CRM_0287,SYN_ATM_1146,6,2,30800.0,8.3,0.73,4,21,2.8,28.5,0
SYNTHETIC,SYN_CRM_0287,SYN_ATM_1147,6,2,30800.0,1.95,0.6,4,31,4.0,43.3,1
SYNTHETIC,SYN_CRM_0287,SYN_ATM_1148,6,2,30800.0,5.42,0.36,2,11,3.0,14.0,0
SYNTHETIC,SYN_CRM_0288,SYN_ATM_1149,16,4,11200.0,10.09,0.32,3,10,1.9,15.1,0
SYNTHETIC,SYN_CRM_0288,SYN_ATM_1150,16,4,11200.0,4.06,0.28,2,17,4.3,24.7,0
SYNTHETIC,SYN_CRM_0288,SYN_ATM_1151,16,4,11200.0,0.39,0.71,12,28,7.3,38.7,1
SYNTHETIC,SYN_CRM_0288,SYN_ATM_1152,16,4,11200.0,4.0,0.37,4,28,2.8,45.3,0
SYNTHETIC,SYN_CRM_0289,SYN_ATM_1153,14,3,64800.0,0.52,0.63,8,28,4.9,36.0,1
SYNTHETIC,SYN_CRM_0289,SYN_ATM_1154,14,3,64800.0,8.64,0.07,1,11,1.5,17.6,0
SYNTHETIC,SYN_CRM_0289,SYN_ATM_1155,14,3,64800.0,4.28,0.39,4,14,3.6,16.4,0
SYNTHETIC,SYN_CRM_0289,SYN_ATM_1156,14,3,64800.0,0.67,0.09,1,6,3.9,6.6,0
SYNTHETIC,SYN_CRM_0290,SYN_ATM_1157,11,3,118600.0,0.39,0.85,9,29,5.8,54.2,1
SYNTHETIC,SYN_CRM_0290,SYN_ATM_1158,11,3,118600.0,6.52,0.6,1,13,4.2,18.5,0
SYNTHETIC,SYN_CRM_0290,SYN_ATM_1159,11,3,118600.0,9.47,0.82,6,20,1.5,25.6,0
SYNTHETIC,SYN_CRM_0290,SYN_ATM_1160,11,3,118600.0,8.61,0.44,5,28,5.6,43.8,0
SYNTHETIC,SYN_CRM_0291,SYN_ATM_1161,23,3,70500.0,1.03,0.74,11,28,2.9,39.6,1
SYNTHETIC,SYN_CRM_0291,SYN_ATM_1162,23,3,70500.0,9.08,0.79,5,21,5.5,28.5,0
SYNTHETIC,SYN_CRM_0291,SYN_ATM_1163,23,3,70500.0,2.35,0.38,1,12,5.1,16.3,0
SYNTHETIC,SYN_CRM_0291,SYN_ATM_1164,23,3,70500.0,4.23,0.62,4,9,6.0,13.3,0
SYNTHETIC,SYN_CRM_0292,SYN_ATM_1165,6,5,310700.0,7.26,0.27,5,21,3.0,23.4,0
SYNTHETIC,SYN_CRM_0292,SYN_ATM_1166,6,5,310700.0,11.89,0.39,5,24,2.3,29.1,0
SYNTHETIC,SYN_CRM_0292,SYN_ATM_1167,6,5,310700.0,11.49,0.78,1,22,4.3,31.7,0
SYNTHETIC,SYN_CRM_0292,SYN_ATM_1168,6,5,310700.0,8.8,0.08,0,0,1.4,3.6,0
SYNTHETIC,SYN_CRM_0293,SYN_ATM_1169,18,1,15800.0,2.22,0.11,0,9,2.4,10.0,0
SYNTHETIC,SYN_CRM_0293,SYN_ATM_1170,18,1,15800.0,13.52,0.26,1,7,3.2,9.5,0
SYNTHETIC,SYN_CRM_0293,SYN_ATM_1171,18,1,15800.0,0.38,0.63,5,24,9.0,31.7,1
SYNTHETIC,SYN_CRM_0293,SYN_ATM_1172,18,1,15800.0,10.55,0.66,1,27,3.6,43.0,0
SYNTHETIC,SYN_CRM_0294,SYN_ATM_1173,15,6,24100.0,3.88,0.34,3,13,2.5,20.3,0
SYNTHETIC,SYN_CRM_0294,SYN_ATM_1174,15,6,24100.0,9.87,0.09,1,7,1.8,12.7,0
SYNTHETIC,SYN_CRM_0294,SYN_ATM_1175,15,6,24100.0,0.81,0.8,12,30,5.0,42.9,1
SYNTHETIC,SYN_CRM_0294,SYN_ATM_1176,15,6,24100.0,12.49,0.04,2,9,3.0,11.2,0
SYNTHETIC,SYN_CRM_0295,SYN_ATM_1177,10,4,46000.0,4.59,0.41,3,14,4.0,18.3,0
SYNTHETIC,SYN_CRM_0295,SYN_ATM_1178,10,4,46000.0,1.23,0.56,8,32,4.5,53.6,1
SYNTHETIC,SYN_CRM_0295,SYN_ATM_1179,10,4,46000.0,4.38,0.45,2,10,3.3,20.7,0
SYNTHETIC,SYN_CRM_0295,SYN_ATM_1180,10,4,46000.0,13.69,0.05,0,5,1.6,14.1,0
SYNTHETIC,SYN_CRM_0296,SYN_ATM_1181,10,2,100000.0,13.12,0.23,2,7,1.3,14.0,0
SYNTHETIC,SYN_CRM_0296,SYN_ATM_1182,10,2,100000.0,5.1,0.12,1,8,1.3,12.6,0
SYNTHETIC,SYN_CRM_0296,SYN_ATM_1183,10,2,100000.0,11.24,0.09,1,4,3.3,5.9,0
SYNTHETIC,SYN_CRM_0296,SYN_ATM_1184,10,2,100000.0,1.03,0.82,9,23,7.8,44.6,1
SYNTHETIC,SYN_CRM_0297,SYN_ATM_1185,23,2,110400.0,6.48,0.73,1,20,2.6,27.0,0
SYNTHETIC,SYN_CRM_0297,SYN_ATM_1186,23,2,110400.0,5.61,0.53,4,22,3.5,39.9,0
SYNTHETIC,SYN_CRM_0297,SYN_ATM_1187,23,2,110400.0,0.99,0.75,7,25,3.9,31.1,1
SYNTHETIC,SYN_CRM_0297,SYN_ATM_1188,23,2,110400.0,4.93,0.33,3,17,3.5,25.3,0
SYNTHETIC,SYN_CRM_0298,SYN_ATM_1189,21,4,18400.0,4.0,0.8,6,17,4.0,29.2,0
SYNTHETIC,SYN_CRM_0298,SYN_ATM_1190,21,4,18400.0,7.71,0.3,6,18,5.4,35.5,0
SYNTHETIC,SYN_CRM_0298,SYN_ATM_1191,21,4,18400.0,0.1,0.72,10,42,5.6,61.9,1
SYNTHETIC,SYN_CRM_0298,SYN_ATM_1192,21,4,18400.0,7.27,0.52,6,22,7.0,29.2,0
SYNTHETIC,SYN_CRM_0299,SYN_ATM_1193,16,0,20300.0,1.46,0.74,5,9,9.5,26.5,1
SYNTHETIC,SYN_CRM_0299,SYN_ATM_1194,16,0,20300.0,4.45,0.35,3,9,2.5,22.0,0
SYNTHETIC,SYN_CRM_0299,SYN_ATM_1195,16,0,20300.0,16.79,0.27,3,6,1.6,15.1,0
SYNTHETIC,SYN_CRM_0299,SYN_ATM_1196,16,0,20300.0,5.49,0.51,3,16,2.3,28.4,0
SYNTHETIC,SYN_CRM_0300,SYN_ATM_1197,19,1,103900.0,10.78,0.67,3,12,2.8,21.6,0
SYNTHETIC,SYN_CRM_0300,SYN_ATM_1198,19,1,103900.0,2.11,0.82,6,43,8.5,64.1,1
SYNTHETIC,SYN_CRM_0300,SYN_ATM_1199,19,1,103900.0,5.65,0.64,6,10,3.9,19.3,0
SYNTHETIC,SYN_CRM_0300,SYN_ATM_1200,19,1,103900.0,3.14,0.29,3,17,2.4,20.1,0
